,Open,neg,neu,pos,compound,label
0,3.278571,0.032,0.905,0.063,0.7707,0
1,3.281429,0.011,0.904,0.085,0.872,0
2,3.237143,0.029,0.878,0.093,0.6858,0
3,3.215357,0.091,0.869,0.04,-0.6712,0
4,3.115357,0.084,0.848,0.069,-0.1796,1
5,3.175,0.105,0.852,0.042,-0.8743,0
6,3.141071,0.018,0.9,0.082,0.936,1
7,3.180357,0.026,0.88,0.094,0.962,0
8,3.179286,0.051,0.905,0.044,-0.5228,0
9,3.129643,0.03,0.887,0.082,0.7059,0
10,3.026071,0.132,0.78,0.088,-0.6705,1
11,3.088214,0.131,0.781,0.088,-0.802,0
12,2.980714,0.011,0.942,0.047,0.7269,0
13,2.933928,0.07,0.885,0.045,-0.7685,0
14,2.791071,0.054,0.845,0.101,0.9488,1
15,2.865,0.076,0.814,0.11,0.8636,1
16,2.998214,0.07,0.802,0.128,0.8914,1
17,3.081786,0.082,0.851,0.067,-0.3881,0
18,3.001786,0.066,0.844,0.09,0.8456,1
19,3.063214,0,0.922,0.078,0.9698,0
20,3.07,0.072,0.826,0.102,0.8798,0
21,3.0875,0.102,0.853,0.045,-0.946,1
22,3.383929,0.072,0.893,0.035,-0.8465,1
23,3.426429,0.056,0.878,0.066,0.6509,0
24,3.378214,0.028,0.865,0.107,0.968,1
25,3.417143,0.074,0.869,0.058,-0.8212,1
26,3.484286,0.073,0.83,0.097,0.7482,0
27,3.289286,0.059,0.822,0.119,0.9592,0
28,3.165357,0.022,0.828,0.149,0.9864,0
29,3.183571,0.034,0.85,0.116,0.9829,0
30,3.061786,0.033,0.917,0.05,0.7184,0
31,3.095714,0.063,0.887,0.05,-0.2592,1
32,3.111071,0,0.89,0.11,0.9268,0
33,3.111071,0,0.932,0.068,0.6187,0
34,3.082143,0.107,0.787,0.107,0,0
35,3.086786,0.069,0.804,0.127,0.9473,0
36,3.030714,0.028,0.931,0.04,0.25,1
37,3.079643,0.022,0.905,0.073,0.9152,0
38,3.004286,0.083,0.846,0.071,-0.4235,1
39,3.010714,0.068,0.84,0.092,0.8481,0
40,3.017143,0.03,0.941,0.029,-0.2681,1
41,3.051071,0.016,0.819,0.165,0.9928,1
42,3.067143,0.027,0.875,0.099,0.9634,0
43,3.015357,0.151,0.79,0.059,-0.9729,1
44,3.0225,0.041,0.861,0.098,0.9158,1
45,3.051429,0.04,0.894,0.065,0.6369,0
46,3.044643,0.055,0.874,0.071,0.4754,0
47,3.023214,0.009,0.883,0.108,0.9789,1
48,3.070714,0.07,0.895,0.035,-0.8625,1
49,3.242857,0.08,0.821,0.099,0.8402,0
50,3.184286,0.044,0.824,0.132,0.9806,0
51,3.208571,0,0.852,0.148,0.9869,0
52,3.082143,0.013,0.862,0.125,0.9581,0
53,3.001071,0.105,0.884,0.011,-0.9539,1
54,3.098929,0.065,0.911,0.024,-0.93,0
55,3.0675,0.039,0.913,0.048,0.3071,1
56,3.135714,0,0.79,0.21,0.9944,1
57,3.163929,0.02,0.948,0.032,0.4398,0
58,3.171429,0.018,0.889,0.093,0.9501,0
59,3.145357,0.166,0.743,0.091,-0.9724,1
60,3.193214,0.095,0.806,0.099,0.5135,0
61,3.164286,0.038,0.852,0.11,0.9553,1
62,3.212857,0.027,0.926,0.046,0.5713,0
63,3.197857,0.055,0.886,0.06,0.1882,1
64,3.222857,0.089,0.834,0.077,-0.743,1
65,3.2625,0.048,0.872,0.08,0.738,1
66,3.285357,0.016,0.959,0.025,0.4762,1
67,3.3475,0.022,0.978,0,-0.6633,1
68,3.333929,0.035,0.892,0.073,0.9151,1
69,3.356786,0.059,0.789,0.151,0.6808,1
70,3.418214,0.056,0.893,0.051,-0.3939,0
71,3.363929,0.018,0.838,0.145,0.875,0
72,3.367143,0,0.974,0.026,0.2382,0
73,3.362143,0.057,0.865,0.078,0.7677,0
74,3.390714,0.052,0.845,0.103,0.949,0
75,3.400357,0.014,0.909,0.076,0.945,0
76,3.345357,0.047,0.834,0.119,0.969,1
77,3.353571,0.048,0.831,0.12,0.9799,0
78,3.287143,0.071,0.87,0.059,-0.4569,1
79,3.246428,0.062,0.871,0.067,0.204,0
80,3.234643,0.036,0.89,0.074,0.4588,1
81,3.285714,0.015,0.826,0.159,0.959,0
82,3.22,0.027,0.815,0.157,0.9814,1
83,3.221071,0.045,0.847,0.108,0.9472,1
84,3.246071,0.039,0.859,0.103,0.8895,1
85,3.271071,0.036,0.879,0.085,0.936,1
86,3.355714,0.094,0.821,0.085,-0.7127,0
87,3.365357,0.115,0.818,0.067,-0.9543,1
88,3.627857,0.045,0.878,0.077,0.8668,0
89,3.506428,0.058,0.852,0.09,0.8689,1
90,3.574643,0,1,0,0,0
91,3.556786,0.149,0.711,0.14,0.1212,0
92,3.558928,0.21,0.719,0.071,-0.9913,1
93,3.5975,0.039,0.848,0.113,0.9432,0
94,3.6,0,0.833,0.167,0.9509,1
95,3.61,0.061,0.84,0.098,0.791,1
96,3.695357,0.068,0.781,0.15,0.9768,1
97,3.746786,0.044,0.899,0.058,0.3687,1
98,3.808214,0.031,0.897,0.072,0.9444,1
99,3.847857,0.049,0.879,0.072,0.8544,1
100,3.915,0.037,0.825,0.138,0.9413,0
101,3.913214,0.058,0.85,0.092,0.8176,0
102,3.876071,0.041,0.776,0.183,0.9949,0
103,3.826786,0.005,0.84,0.155,0.9928,1
104,3.936786,0.01,0.886,0.105,0.9834,0
105,3.939643,0.049,0.881,0.07,0.6926,1
106,4.0175,0.041,0.917,0.042,-0.2263,1
107,4.072143,0.048,0.873,0.079,0.8591,0
108,4.028929,0.045,0.846,0.108,0.9042,0
109,4,0.072,0.809,0.119,0.9269,1
110,4.0875,0.135,0.822,0.043,-0.7096,0
111,4.082143,0.009,0.938,0.053,0.8658,1
112,4.288214,0.037,0.952,0.011,-0.4404,1
113,4.236786,0.039,0.86,0.101,0.9526,1
114,4.336071,0.007,0.917,0.075,0.9674,1
115,4.367857,0.029,0.897,0.074,0.944,1
116,4.463929,0.013,0.898,0.089,0.97,0
117,4.493571,0.035,0.833,0.132,0.9912,0
118,4.2625,0.074,0.781,0.145,0.9715,1
119,4.326786,0.078,0.824,0.098,0.7015,0
120,4.185714,0.012,0.909,0.079,0.9716,1
121,4.307857,0.03,0.902,0.068,0.8126,0
122,4.402857,0.136,0.794,0.07,-0.9643,1
123,4.453214,0.067,0.838,0.095,0.6416,0
124,4.346428,0.008,0.908,0.083,0.9666,1
125,4.423214,0.013,0.908,0.079,0.9488,0
126,4.435357,0.069,0.859,0.072,-0.3182,0
127,4.427857,0.023,0.862,0.114,0.9704,0
128,4.3075,0.029,0.88,0.09,0.9462,1
129,4.356071,0.015,0.885,0.101,0.9429,1
130,4.323214,0.052,0.873,0.074,0.8173,1
131,4.357143,0.042,0.893,0.064,0.6289,1
132,4.6,0.047,0.861,0.092,0.9101,1
133,4.754643,0.069,0.775,0.156,0.9781,0
134,4.727857,0.025,0.903,0.072,0.5653,0
135,4.602857,0.098,0.786,0.115,0.8545,1
136,4.716786,0.127,0.816,0.058,-0.9719,1
137,4.780357,0.071,0.853,0.077,0.3483,1
138,4.8225,0.07,0.877,0.053,-0.4497,1
139,4.9425,0.137,0.699,0.164,0.6739,0
140,4.939286,0.069,0.804,0.127,0.9605,1
141,4.935357,0.036,0.775,0.19,0.9921,0
142,5.010714,0.068,0.833,0.099,0.8377,0
143,5.058928,0.07,0.8,0.13,0.9712,1
144,5.118214,0.014,0.894,0.092,0.9792,1
145,4.96,0.072,0.784,0.144,0.9642,0
146,5.211071,0.063,0.744,0.193,0.9899,1
147,5.221071,0.082,0.727,0.191,0.9844,0
148,5.154643,0.157,0.791,0.053,-0.7804,0
149,5.106071,0,0.931,0.069,0.5023,0
150,4.772857,0.013,0.907,0.079,0.9683,1
151,4.880357,0.036,0.936,0.028,-0.4005,0
152,4.830714,0.049,0.909,0.042,-0.0772,0
153,4.746428,0.069,0.835,0.095,0.5994,1
154,4.884286,0.036,0.811,0.152,0.9835,0
155,4.6825,0.018,0.856,0.126,0.9779,0
156,4.397143,0.039,0.855,0.107,0.9585,1
157,4.582857,0.06,0.839,0.101,0.9397,0
158,4.581786,0.033,0.873,0.095,0.9325,0
159,4.383572,0.029,0.899,0.072,0.9182,0
160,4.178928,0.03,0.902,0.068,0.7832,1
161,4.3575,0.04,0.848,0.112,0.923,1
162,4.427143,0.148,0.72,0.132,-0.2263,0
163,4.364643,0.181,0.74,0.079,-0.9874,1
164,4.686429,0.135,0.807,0.059,-0.9702,1
165,4.753214,0.036,0.852,0.112,0.9729,0
166,4.661786,0.037,0.888,0.075,0.8658,1
167,4.763928,0.046,0.832,0.122,0.9465,0
168,4.678214,0.129,0.835,0.037,-0.6486,0
169,4.738214,0.026,0.87,0.104,0.955,1
170,4.981786,0.096,0.827,0.078,-0.7603,0
171,4.997857,0.063,0.873,0.064,-0.1747,1
172,5.1775,0.065,0.855,0.08,0.2626,0
173,4.841429,0.092,0.782,0.126,0.9037,0
174,4.714643,0.119,0.779,0.103,-0.7065,0
175,4.8925,0.034,0.842,0.124,0.9843,0
176,4.925,0.045,0.877,0.078,0.6587,0
177,4.856786,0.033,0.831,0.136,0.9778,1
178,4.958214,0.029,0.932,0.039,0.18,0
179,4.8775,0.097,0.845,0.059,-0.934,1
180,4.963929,0.039,0.86,0.101,0.9368,0
181,4.966429,0.074,0.783,0.143,0.9731,1
182,5.107857,0.043,0.767,0.19,0.9946,0
183,5.005357,0.07,0.767,0.163,0.9889,1
184,5.040714,0.086,0.885,0.029,-0.9483,1
185,5.240357,0.063,0.818,0.119,0.9793,1
186,5.244286,0.059,0.831,0.11,0.9215,1
187,5.516786,0.027,0.822,0.151,0.969,0
188,5.491786,0.106,0.756,0.138,0.6553,1
189,5.48,0,0.848,0.152,0.8779,1
190,5.5225,0.057,0.818,0.125,0.9641,1
191,5.591072,0.091,0.865,0.044,-0.9376,1
192,5.635,0.069,0.828,0.102,0.896,1
193,5.642857,0.037,0.873,0.09,0.9462,0
194,5.656072,0.079,0.834,0.087,0.1431,1
195,5.838929,0.018,0.884,0.097,0.8798,1
196,6.078571,0.072,0.812,0.116,0.3919,0
197,6.053214,0.029,0.841,0.13,0.9382,0
198,5.821786,0.034,0.792,0.174,0.9889,1
199,5.999286,0.013,0.925,0.062,0.5631,0
200,5.912143,0.061,0.895,0.044,-0.3103,1
201,6.1675,0.017,0.921,0.062,0.9445,1
202,6.125,0.024,0.852,0.125,0.9822,1
203,6.222857,0.064,0.862,0.075,0.1542,0
204,6.734286,0.072,0.775,0.152,0.9661,0
205,6.636071,0.074,0.847,0.078,0.2922,1
206,6.6025,0.018,0.942,0.041,0.6956,0
207,6.6175,0.079,0.87,0.052,-0.4019,0
208,6.623214,0.126,0.698,0.176,0.8152,0
209,6.649286,0,0.725,0.275,0.9901,1
210,6.701071,0,0.931,0.069,0.886,1
211,6.735714,0.025,0.889,0.086,0.897,0
212,6.7575,0.044,0.88,0.077,0.4939,0
213,6.6175,0.019,0.881,0.1,0.9674,1
214,6.680357,0.046,0.858,0.096,0.8805,1
215,6.8075,0.039,0.822,0.14,0.9738,0
216,6.666786,0.071,0.727,0.201,0.9902,0
217,6.1125,0.078,0.837,0.085,0.4151,0
218,5.902857,0.028,0.867,0.105,0.9664,0
219,5.744643,0.013,0.877,0.11,0.9802,1
220,6.327143,0.025,0.859,0.117,0.9716,0
221,5.9425,0.017,0.897,0.086,0.9437,0
222,5.903572,0.031,0.905,0.064,0.862,1
223,5.932143,0.042,0.794,0.164,0.983,0
224,5.916786,0.037,0.845,0.118,0.9781,1
225,5.922857,0.01,0.903,0.087,0.9674,1
226,6.142857,0.095,0.888,0.017,-0.872,0
227,6.199643,0.104,0.769,0.127,0.8418,0
228,6.257857,0.059,0.751,0.19,0.9849,0
229,6.315,0.04,0.758,0.202,0.9796,1
230,6.408214,0.033,0.842,0.125,0.9442,1
231,6.690714,0.047,0.932,0.021,-0.5927,0
232,6.495,0.07,0.838,0.093,0.7839,0
233,6.326786,0.032,0.919,0.05,0.6705,1
234,6.531785,0.027,0.881,0.092,0.9397,1
235,6.649643,0.102,0.772,0.126,0.5859,1
236,6.913929,0.204,0.713,0.083,-0.9876,1
237,6.955357,0.027,0.898,0.075,0.918,0
238,6.908571,0.037,0.847,0.116,0.9729,0
239,6.798929,0.055,0.919,0.025,-0.6386,1
240,6.811429,0.096,0.813,0.091,-0.4019,0
241,6.661428,0.03,0.827,0.143,0.9819,0
242,6.535,0.036,0.895,0.069,0.7941,1
243,6.6225,0.087,0.901,0.012,-0.9341,1
244,6.79,0.102,0.853,0.045,-0.8693,1
245,7.1075,0.064,0.776,0.16,0.9808,0
246,7.105357,0.06,0.808,0.132,0.9678,0
247,7.163929,0.031,0.875,0.094,0.9201,0
248,7.125,0.039,0.932,0.029,-0.4391,0
249,6.978929,0.025,0.856,0.119,0.9735,0
250,6.8375,0.073,0.883,0.045,-0.8645,0
251,6.473214,0.017,0.922,0.061,0.8277,0
252,6.433571,0.007,0.946,0.047,0.6508,0
253,6.117857,0.028,0.936,0.036,0.5661,1
254,6.342143,0.025,0.914,0.062,0.8922,1
255,6.285714,0.015,0.919,0.066,0.7506,0
256,6.347143,0.014,0.893,0.093,0.9738,0
257,5.901072,0.023,0.901,0.076,0.9399,0
258,5.768214,0.033,0.899,0.068,0.8458,0
259,5.775357,0.036,0.881,0.083,0.7359,0
260,5.287857,0.139,0.701,0.16,0.8101,1
261,4.863929,0.112,0.783,0.105,-0.2731,1
262,4.999643,0.073,0.785,0.143,0.9536,0
263,4.963929,0.053,0.729,0.218,0.9451,0
264,4.577143,0.033,0.89,0.077,0.765,1
265,4.683928,0,0.909,0.091,0.5719,1
266,4.691786,0.129,0.629,0.243,0.6124,1
267,4.865714,0.045,0.895,0.059,0.5106,0
268,4.793214,0.045,0.883,0.072,0.2047,0
269,4.658214,0.046,0.879,0.075,0.7469,0
270,4.6725,0.074,0.776,0.15,0.9354,0
271,4.284643,0.034,0.878,0.088,0.9078,1
272,4.36,0.065,0.803,0.133,0.9151,1
273,4.667857,0.05,0.82,0.13,0.9867,0
274,4.524286,0.051,0.83,0.119,0.969,1
275,4.621428,0.041,0.849,0.11,0.9118,0
276,4.509643,0.051,0.881,0.067,0.3182,0
277,4.499643,0.037,0.89,0.072,0.8592,0
278,4.364286,0.159,0.786,0.055,-0.9818,1
279,4.501786,0.145,0.784,0.071,-0.9688,0
280,4.374286,0.039,0.904,0.057,0.3716,0
281,4.235357,0.072,0.898,0.029,-0.4404,1
282,4.201428,0.039,0.776,0.185,0.9798,1
283,4.2225,0.055,0.812,0.133,0.9868,1
284,4.542857,0.075,0.787,0.138,0.9552,1
285,4.6175,0.068,0.739,0.193,0.9337,0
286,4.444286,0.065,0.868,0.068,0.1538,0
287,4.356786,0.055,0.82,0.125,0.959,1
288,4.413571,0.07,0.796,0.133,0.9544,1
289,4.450357,0.031,0.833,0.136,0.9888,0
290,4.300357,0.034,0.819,0.147,0.9758,1
291,4.432143,0.063,0.878,0.059,-0.2732,1
292,4.537143,0.069,0.855,0.076,0.3071,0
293,4.432143,0.04,0.941,0.019,-0.5789,1
294,4.376786,0.034,0.899,0.067,0.8705,1
295,4.613572,0.042,0.9,0.057,0.3071,1
296,4.754286,0.03,0.866,0.104,0.9782,0
297,4.682857,0.017,0.89,0.093,0.9438,1
298,4.786071,0.012,0.921,0.068,0.8713,1
299,4.998571,0.034,0.874,0.092,0.891,1
300,5.031072,0.045,0.855,0.1,0.9273,1
301,5.064286,0.076,0.924,0,-0.6369,1
302,5.116786,0.038,0.86,0.102,0.5494,1
303,5.225,0.031,0.873,0.096,0.9275,1
304,5.313571,0.023,0.876,0.101,0.9726,0
305,5.252143,0.023,0.883,0.094,0.9731,1
306,5.435357,0.018,0.917,0.065,0.8674,1
307,5.576071,0.078,0.83,0.092,0.8341,0
308,5.483929,0.066,0.83,0.104,0.8126,0
309,5.475357,0.065,0.85,0.085,0.5267,0
310,5.3975,0.038,0.902,0.059,0.4588,1
311,5.454286,0.021,0.891,0.088,0.7351,0
312,5.241786,0.026,0.89,0.084,0.9531,1
313,5.335714,0.034,0.834,0.132,0.9875,0
314,5.418571,0.004,0.843,0.152,0.9922,1
315,5.506072,0.044,0.853,0.103,0.9422,1
316,5.682857,0.033,0.812,0.155,0.9509,1
317,5.793214,0.056,0.882,0.062,0.2732,1
318,5.978571,0.039,0.887,0.074,0.8687,0
319,5.858929,0.079,0.798,0.123,0.9172,0
320,5.905,0.097,0.745,0.158,0.9579,1
321,6.096428,0.133,0.824,0.043,-0.969,0
322,6.0625,0.048,0.829,0.123,0.8131,1
323,6.2925,0.035,0.926,0.039,0.5719,0
324,6.248571,0.013,0.952,0.036,0.8299,1
325,6.435357,0.029,0.882,0.09,0.8767,1
326,6.497143,0.024,0.918,0.058,0.8677,1
327,6.595,0.036,0.929,0.035,-0.0258,1
328,6.644643,0.051,0.863,0.086,0.8898,0
329,6.563214,0.054,0.838,0.108,0.9506,1
330,6.541429,0.056,0.908,0.036,-0.453,1
331,6.614643,0,0.932,0.068,0.9382,1
332,6.736072,0.055,0.899,0.046,-0.2732,1
333,6.829643,0.082,0.814,0.104,0.5067,0
334,6.671786,0.029,0.875,0.096,0.9092,1
335,6.789643,0.031,0.876,0.093,0.8316,0
336,6.709286,0.091,0.826,0.083,-0.7209,0
337,6.493571,0.037,0.907,0.056,0.6486,1
338,6.402143,0.039,0.874,0.088,0.8876,0
339,6.456071,0.023,0.894,0.083,0.9349,1
340,6.526786,0.052,0.846,0.101,0.9393,1
341,6.693214,0.033,0.825,0.142,0.9274,0
342,6.694643,0.176,0.75,0.073,-0.6501,1
343,6.735714,0.019,0.859,0.122,0.9367,0
344,6.673572,0.022,0.931,0.047,0.34,0
345,6.572143,0.027,0.891,0.082,0.891,1
346,6.655,0,0.937,0.063,0.6908,1
347,6.714286,0.052,0.872,0.076,0.6668,0
348,6.446786,0.026,0.863,0.111,0.9678,1
349,6.583571,0.005,0.951,0.044,0.8276,0
350,6.481786,0.015,0.921,0.065,0.9319,0
351,6.13,0.01,0.927,0.063,0.9169,1
352,6.117857,0.077,0.777,0.146,0.8602,1
353,6.360714,0.071,0.863,0.065,-0.504,1
354,6.468572,0.102,0.838,0.06,-0.9516,0
355,6.376786,0.052,0.891,0.057,-0.0858,1
356,6.405357,0.099,0.823,0.078,-0.7845,0
357,6.240714,0.152,0.784,0.065,-0.9269,0
358,6.156072,0.052,0.835,0.113,0.8385,1
359,6.236072,0.02,0.867,0.113,0.9689,1
360,6.216786,0.01,0.86,0.13,0.9728,0
361,6.078214,0.037,0.894,0.069,0.5106,0
362,5.865357,0.048,0.891,0.062,0.4588,1
363,6.257143,0.025,0.842,0.133,0.9794,0
364,6.056786,0.036,0.874,0.089,0.873,1
365,6.184286,0.049,0.858,0.093,0.8442,1
366,6.435714,0.057,0.863,0.08,0.8109,0
367,6.247143,0.026,0.91,0.064,0.9196,1
368,6.266786,0.081,0.792,0.128,0.9477,0
369,6.401429,0.005,0.932,0.063,0.9501,0
370,6.16,0.015,0.866,0.118,0.9686,0
371,6.078571,0.026,0.924,0.051,0.8636,1
372,6.217857,0.017,0.909,0.074,0.9493,0
373,6.018571,0.025,0.763,0.213,0.9832,0
374,5.960714,0.023,0.855,0.122,0.9853,0
375,5.321429,0.072,0.833,0.095,0.6995,1
376,5.8925,0.085,0.816,0.098,0.7865,1
377,5.868571,0.113,0.802,0.085,-0.7606,0
378,5.728571,0.064,0.821,0.115,0.9441,1
379,5.797857,0.127,0.782,0.091,-0.8085,0
380,5.550357,0.191,0.644,0.165,-0.5565,1
381,5.635,0.153,0.777,0.07,-0.4939,1
382,5.626429,0.015,0.916,0.069,0.504,1
383,5.592857,0,0.858,0.142,0.8947,0
384,5.550714,0.059,0.809,0.132,0.8705,1
385,5.713214,0.042,0.849,0.109,0.9083,1
386,5.811071,0,0.881,0.119,0.7622,1
387,5.852143,0.363,0.637,0,-0.9136,1
388,6.073928,0.074,0.795,0.13,0.8948,1
389,6.197143,0.121,0.76,0.119,0.1531,1
390,6.368928,0.022,0.931,0.047,0.7717,1
391,6.394286,0.023,0.952,0.025,0.1027,0
392,6.270357,0,0.945,0.055,0.5994,0
393,6.233572,0.104,0.847,0.05,-0.8481,0
394,6.241786,0.066,0.848,0.086,0.778,1
395,6.231071,0.082,0.841,0.077,0.1615,0
396,6.279286,0.076,0.793,0.13,0.9614,1
397,6.291071,0.017,0.882,0.101,0.912,0
398,6.189643,0.026,0.818,0.156,0.9915,1
399,6.26,0.035,0.749,0.215,0.991,0
400,6.177143,0.112,0.814,0.074,-0.5549,0
401,6.157143,0.03,0.847,0.123,0.9873,0
402,5.958571,0.028,0.896,0.076,0.9563,1
403,5.923572,0.038,0.805,0.157,0.9921,0
404,5.663929,0.03,0.911,0.059,0.7425,1
405,5.8775,0.107,0.861,0.032,-0.9337,0
406,5.602143,0.056,0.845,0.099,0.9061,0
407,5.44,0.063,0.851,0.086,0.7783,0
408,5.292143,0,0.933,0.067,0.9313,1
409,5.389643,0,0.941,0.059,0.8313,0
410,5.0725,0.05,0.901,0.049,-0.3182,0
411,4.780715,0.084,0.847,0.069,-0.7717,1
412,4.946072,0.081,0.813,0.106,0.8979,0
413,4.663214,0.049,0.848,0.103,0.9486,1
414,5.092857,0.072,0.884,0.044,-0.7089,0
415,4.997857,0.097,0.849,0.054,-0.8693,0
416,4.545357,0.03,0.802,0.168,0.9867,1
417,4.635714,0.07,0.815,0.115,0.9133,1
418,4.461071,0.105,0.777,0.117,0.5106,1
419,4.272143,0,1,0,0,0
420,3.866071,0.051,0.871,0.078,0.34,1
421,3.997143,0.064,0.852,0.084,0.6907,0
422,3.8575,0.096,0.856,0.048,-0.9289,0
423,3.714286,0.04,0.907,0.053,0.6767,0
424,3.284286,0.065,0.851,0.084,0.7175,1
425,3.068214,0.074,0.847,0.078,-0.1842,1
426,3.333929,0.046,0.932,0.022,-0.6322,0
427,3.060714,0.018,0.854,0.128,0.9839,1
428,4.152143,0.018,0.823,0.159,0.9909,0
429,3.708571,0.019,0.881,0.099,0.9659,0
430,3.563214,0.065,0.889,0.046,-0.3612,1
431,3.557143,0.043,0.957,0,-0.3818,0
432,3.4625,0.05,0.83,0.12,0.9646,0
433,3.4775,0.018,0.936,0.047,0.7194,0
434,3.446786,0.059,0.891,0.05,-0.5767,1
435,3.226071,0.096,0.812,0.092,0.153,1
436,3.395357,0.023,0.919,0.057,0.765,0
437,3.408214,0,0.841,0.159,0.8442,1
438,3.865357,0.02,0.886,0.094,0.95,1
439,3.835714,0.091,0.867,0.042,-0.8588,1
440,3.928214,0.055,0.871,0.073,0.7269,1
441,3.889643,0.071,0.851,0.078,0.3818,0
442,3.608929,0.055,0.803,0.143,0.984,0
443,3.544286,0.067,0.839,0.094,0.8981,0
444,3.5775,0.131,0.817,0.052,-0.947,0
445,3.386071,0.013,0.897,0.089,0.9018,0
446,3.301071,0,0.924,0.076,0.9001,0
447,3.209643,0.046,0.873,0.081,0.8779,1
448,3.348572,0.041,0.896,0.063,0.8541,0
449,3.16,0.061,0.855,0.084,0.8095,0
450,3.201429,0.019,0.86,0.121,0.9646,1
451,3.194286,0.031,0.81,0.159,0.9822,0
452,3.044286,0.028,0.879,0.093,0.9526,0
453,2.926071,0.038,0.893,0.068,0.875,1
454,3.043214,0.051,0.859,0.09,0.5719,1
455,3.379643,0.026,0.852,0.121,0.9796,0
456,3.211429,0.041,0.843,0.116,0.9668,1
457,3.382143,0.028,0.773,0.199,0.989,0
458,3.260714,0.046,0.818,0.137,0.9839,0
459,3.215357,0.103,0.765,0.132,0.8132,1
460,3.3725,0.026,0.858,0.116,0.962,0
461,3.226786,0.086,0.805,0.108,0.4497,1
462,3.474286,0.069,0.864,0.067,-0.1196,1
463,3.501429,0.058,0.835,0.107,0.9462,1
464,3.495357,0.07,0.797,0.132,0.9757,1
465,3.476786,0.036,0.863,0.101,0.9439,0
466,3.314286,0.045,0.875,0.08,0.8126,1
467,3.356429,0.025,0.886,0.089,0.91,1
468,3.251071,0.009,0.843,0.148,0.9845,0
469,3.189643,0.045,0.835,0.119,0.9585,1
470,3.212143,0.101,0.839,0.06,-0.8109,1
471,3.215,0.04,0.85,0.11,0.9129,0
472,3.1025,0.043,0.818,0.139,0.9843,0
473,3.076429,0.023,0.793,0.184,0.9942,0
474,3.09,0.05,0.918,0.032,-0.6523,1
475,3.070357,0.076,0.811,0.113,0.7512,0
476,3.067143,0.112,0.782,0.106,-0.4541,1
477,3.3275,0.024,0.803,0.172,0.9924,1
478,3.278929,0.093,0.864,0.043,-0.9102,0
479,3.229643,0.028,0.942,0.03,0.3899,1
480,3.328928,0.061,0.798,0.141,0.9485,0
481,3.230714,0.067,0.872,0.061,-0.4587,0
482,3.151428,0.015,0.818,0.167,0.9845,0
483,2.8775,0.04,0.877,0.083,0.9551,1
484,3.010714,0.046,0.853,0.101,0.9679,0
485,2.926071,0.029,0.881,0.09,0.8469,0
486,2.835357,0.049,0.807,0.144,0.977,1
487,3.144286,0.119,0.831,0.051,-0.9871,1
488,3.100714,0.118,0.851,0.031,-0.9788,1
489,3.173571,0.078,0.805,0.116,0.875,1
490,3.221071,0.02,0.821,0.158,0.975,1
491,3.29,0,0.802,0.198,0.8126,1
492,3.324643,0.085,0.738,0.177,0.9776,0
493,3.307143,0.216,0.72,0.063,-0.743,0
494,3.182143,0.15,0.669,0.181,0.8622,1
495,3.282857,0.06,0.842,0.098,0.644,1
496,3.329286,0.058,0.847,0.096,0.4902,1
497,3.313214,0.024,0.925,0.052,0.7906,1
498,3.465,0.025,0.864,0.112,0.9578,1
499,3.571429,0.037,0.857,0.106,0.9485,1
500,3.618929,0.05,0.854,0.096,0.8807,0
501,3.441786,0.048,0.83,0.122,0.9576,1
502,3.4225,0.022,0.886,0.092,0.9417,1
503,3.535357,0.026,0.924,0.049,0.8208,1
504,3.459643,0.028,0.792,0.18,0.9898,0
505,3.394643,0.04,0.811,0.15,0.9851,0
506,3.334643,0.033,0.842,0.125,0.9767,0
507,3.192857,0.053,0.858,0.09,0.8519,1
508,3.273214,0.065,0.768,0.167,0.984,0
509,3.123214,0.042,0.839,0.119,0.9694,1
510,3.209286,0.048,0.9,0.052,0.2885,1
511,3.285714,0.03,0.876,0.094,0.9491,0
512,3.140357,0.008,0.868,0.124,0.9712,1
513,3.147143,0.052,0.837,0.111,0.9541,0
514,3.176071,0,0.937,0.063,0.8919,0
515,3.220714,0.034,0.863,0.103,0.9688,1
516,3.230714,0.022,0.894,0.084,0.9475,0
517,3.155,0.047,0.828,0.125,0.9763,0
518,3.006428,0.126,0.769,0.105,-0.4588,0
519,3.031071,0.053,0.78,0.166,0.9866,1
520,3.2075,0.045,0.878,0.077,0.9041,1
521,3.317857,0.04,0.893,0.067,0.6694,1
522,3.439286,0.066,0.813,0.121,0.872,0
523,3.401428,0.015,0.921,0.064,0.8559,1
524,3.568214,0.044,0.879,0.076,0.7149,1
525,3.6375,0.033,0.892,0.075,0.8276,0
526,3.646071,0.055,0.788,0.157,0.9565,0
527,3.668214,0.065,0.872,0.063,0.2869,1
528,3.798571,0.046,0.854,0.099,0.8998,1
529,3.842143,0.072,0.865,0.062,-0.6662,0
530,3.851071,0.039,0.836,0.125,0.9743,1
531,3.865357,0.052,0.918,0.031,-0.6016,0
532,3.7325,0.053,0.854,0.093,0.8338,0
533,3.766071,0.051,0.926,0.023,-0.3182,0
534,3.933571,0.031,0.952,0.018,-0.2869,1
535,4.078214,0.053,0.848,0.099,0.924,1
536,4.105,0.007,0.914,0.08,0.9638,1
537,4.161786,0.088,0.803,0.109,0.6266,0
538,4.1225,0.03,0.862,0.108,0.9721,1
539,4.229286,0.03,0.877,0.093,0.965,1
540,4.286071,0.014,0.888,0.098,0.9761,1
541,4.270357,0,0.906,0.094,0.9477,0
542,4.185714,0.054,0.826,0.119,0.9697,1
543,4.256786,0.031,0.886,0.083,0.9067,1
544,4.327857,0.03,0.922,0.048,0.7778,1
545,4.3475,0.026,0.896,0.077,0.9272,0
546,4.246071,0.087,0.786,0.127,0.7678,1
547,4.379643,0.097,0.781,0.122,-0.3393,0
548,4.522143,0.067,0.816,0.116,0.8912,0
549,4.451428,0.067,0.837,0.096,0.8888,0
550,4.389286,0.111,0.809,0.08,-0.7655,1
551,4.405357,0.041,0.867,0.092,0.4215,1
552,4.458929,0.097,0.854,0.049,-0.4019,1
553,4.507857,0.07,0.889,0.042,-0.127,0
554,4.492857,0.039,0.904,0.057,0.5775,1
555,4.58,0.063,0.831,0.106,0.9274,1
556,4.705357,0.078,0.848,0.074,-0.523,1
557,4.761786,0.08,0.805,0.115,0.8541,0
558,4.726071,0.038,0.843,0.119,0.9802,0
559,4.608572,0.016,0.916,0.068,0.936,1
560,4.548929,0.015,0.931,0.055,0.6059,1
561,4.400357,0.089,0.826,0.085,0.3252,0
562,4.277857,0.24,0.68,0.081,-0.9912,1
563,4.368571,0.162,0.766,0.072,-0.9665,1
564,4.418929,0.042,0.88,0.079,0.8024,1
565,4.529286,0.053,0.818,0.129,0.9668,1
566,4.469643,0.031,0.861,0.108,0.9551,0
567,4.430357,0.015,0.896,0.089,0.8519,0
568,4.455714,0.044,0.862,0.094,0.9277,1
569,4.706429,0.011,0.884,0.105,0.9833,1
570,4.766071,0.02,0.895,0.086,0.9319,1
571,4.835357,0,0.949,0.051,0.4215,1
572,4.963929,0.009,0.932,0.058,0.9393,1
573,5,0.012,0.933,0.054,0.8648,1
574,5.004643,0.027,0.86,0.113,0.9656,1
575,5.189643,0.043,0.872,0.085,0.8852,0
576,5.136428,0.008,0.97,0.022,0.431,1
577,5.136071,0.008,0.942,0.05,0.8176,0
578,5.081429,0.02,0.919,0.061,0.7757,0
579,4.9575,0.035,0.91,0.055,0.4854,0
580,4.8575,0.034,0.879,0.087,0.8994,1
581,4.880714,0.042,0.865,0.093,0.7887,0
582,4.881072,0.017,0.876,0.106,0.9826,0
583,4.861072,0.021,0.878,0.101,0.9176,0
584,4.931071,0.042,0.825,0.133,0.982,1
585,5.023929,0.063,0.876,0.061,-0.3939,0
586,4.871428,0.084,0.875,0.041,-0.9013,0
587,4.836429,0.087,0.859,0.054,-0.8225,1
588,4.848214,0.082,0.813,0.106,0.8458,1
589,4.9925,0.051,0.776,0.173,0.9686,1
590,5.123571,0,0.841,0.159,0.8594,0
591,5.092143,0.084,0.799,0.117,0.7059,0
592,5.044643,0.028,0.936,0.036,0.3485,0
593,4.953571,0.053,0.887,0.06,0.4338,0
594,4.945714,0.035,0.919,0.045,0.4742,0
595,4.854286,0.01,0.894,0.096,0.9638,1
596,4.869286,0.053,0.797,0.15,0.9769,1
597,4.983572,0.094,0.857,0.049,-0.8876,1
598,5.0725,0.114,0.828,0.058,-0.9493,1
599,5.18,0.004,0.938,0.058,0.9605,1
600,5.205714,0.038,0.916,0.047,0.4195,1
601,5.324286,0.037,0.88,0.082,0.872,1
602,5.473928,0.022,0.844,0.134,0.9818,0
603,5.474643,0.05,0.841,0.109,0.9205,0
604,5.635357,0.072,0.822,0.106,0.8484,0
605,5.593928,0.11,0.793,0.098,-0.0697,1
606,5.605357,0.062,0.851,0.087,0.7981,1
607,5.720357,0.154,0.713,0.133,-0.4601,0
608,5.674286,0.037,0.737,0.226,0.8687,1
609,5.675,0.285,0.687,0.028,-0.9552,1
610,5.775,0.125,0.756,0.118,0.0661,1
611,5.821072,0.093,0.835,0.071,-0.4767,1
612,5.900357,0.232,0.714,0.054,-0.997,1
613,5.919643,0.136,0.819,0.045,-0.978,0
614,5.913571,0.096,0.796,0.108,0.5514,0
615,5.910357,0.212,0.729,0.059,-0.9932,1
616,5.916429,0.155,0.757,0.088,-0.9769,0
617,5.846071,0.052,0.82,0.129,0.9129,0
618,5.805357,0.046,0.797,0.157,0.98,1
619,5.951786,0.046,0.818,0.136,0.9732,1
620,5.997857,0.087,0.835,0.077,-0.6003,0
621,5.841072,0.051,0.825,0.124,0.9731,0
622,5.7725,0.068,0.832,0.1,0.7964,1
623,5.8125,0.029,0.915,0.055,0.787,1
624,5.9875,0.096,0.887,0.017,-0.875,1
625,6.075714,0.038,0.927,0.035,-0.4515,0
626,6.052143,0.026,0.824,0.15,0.9835,0
627,6.032857,0.017,0.836,0.146,0.9268,0
628,6.026786,0.051,0.874,0.075,0.34,1
629,6.1525,0.037,0.909,0.053,0.2263,0
630,5.999643,0.017,0.8,0.183,0.9681,0
631,5.879286,0.086,0.818,0.096,0.659,1
632,5.944286,0.039,0.857,0.103,0.9172,1
633,5.974286,0.02,0.886,0.094,0.8748,1
634,6.177857,0.035,0.844,0.121,0.9744,0
635,6.170714,0.052,0.889,0.059,0.6808,0
636,6.175357,0.025,0.848,0.127,0.9829,0
637,6.101071,0.209,0.74,0.051,-0.8591,1
638,6.356786,0.009,0.947,0.045,0.7096,1
639,6.499286,0.085,0.907,0.008,-0.8955,1
640,6.636786,0.087,0.882,0.032,-0.8933,0
641,6.613929,0.032,0.895,0.073,0.91,0
642,6.621428,0.03,0.859,0.111,0.9767,1
643,6.685714,0.073,0.823,0.104,0.8481,0
644,6.500357,0.116,0.798,0.085,-0.9367,1
645,6.566786,0.088,0.87,0.042,-0.7603,1
646,6.668929,0,0.882,0.118,0.8788,0
647,6.6475,0.032,0.839,0.129,0.8294,0
648,6.478929,0.045,0.861,0.094,0.8053,1
649,6.65,0.054,0.866,0.08,0.7941,0
650,6.705,0.039,0.85,0.111,0.9658,1
651,6.777143,0.045,0.878,0.077,0.8945,1
652,6.809286,0.054,0.922,0.024,-0.7506,0
653,6.748929,0.051,0.884,0.066,0.3062,1
654,6.822143,0.106,0.819,0.074,-0.883,0
655,6.808214,0.037,0.894,0.069,0.7655,0
656,6.866071,0.033,0.86,0.107,0.9728,0
657,6.7725,0.066,0.861,0.073,0.3018,1
658,6.7625,0.077,0.875,0.049,-0.8221,0
659,6.708929,0.015,0.879,0.106,0.9753,1
660,7.164286,0.014,0.819,0.167,0.9921,0
661,7.125714,0.024,0.874,0.102,0.9652,1
662,7.310714,0.021,0.91,0.069,0.854,1
663,7.346428,0.036,0.799,0.166,0.9884,0
664,7.273929,0.099,0.804,0.097,-0.4313,0
665,7.202143,0.083,0.832,0.084,-0.4118,0
666,7.061071,0.057,0.871,0.072,0.128,0
667,7.002143,0,0.905,0.095,0.765,0
668,6.778572,0.005,0.915,0.08,0.9509,0
669,6.708929,0.071,0.89,0.039,-0.8176,1
670,6.811786,0.02,0.913,0.067,0.9231,1
671,6.875357,0.052,0.867,0.082,0.6452,1
672,7.033571,0.16,0.796,0.044,-0.9887,1
673,7.179286,0.053,0.839,0.108,0.9595,1
674,7.305714,0.104,0.815,0.081,-0.8356,0
675,7.255,0.07,0.896,0.034,-0.8823,0
676,7.245357,0.06,0.896,0.044,-0.4019,1
677,7.338572,0.05,0.879,0.071,0.5554,1
678,7.36,0.055,0.803,0.142,0.9508,1
679,7.376429,0.029,0.837,0.134,0.9583,0
680,7.3075,0.02,0.865,0.115,0.9719,0
681,7.1125,0.093,0.83,0.077,-0.6428,1
682,7.25,0.059,0.827,0.114,0.9439,1
683,7.335714,0.033,0.885,0.082,0.7876,0
684,7.115,0.045,0.819,0.137,0.946,1
685,7.1825,0,0.903,0.097,0.836,0
686,7.222857,0.057,0.856,0.087,0.7335,0
687,7.105714,0.042,0.843,0.116,0.9625,0
688,7.050714,0.046,0.821,0.133,0.9823,0
689,7.132143,0.006,0.941,0.053,0.8466,0
690,6.904286,0.028,0.916,0.057,0.7399,0
691,6.762857,0.028,0.865,0.107,0.9217,1
692,6.831429,0.045,0.887,0.068,0.7579,1
693,7.125,0.087,0.736,0.177,0.9803,0
694,7.063571,0.074,0.867,0.059,-0.6504,0
695,6.9775,0.034,0.848,0.118,0.9847,1
696,6.993928,0.051,0.905,0.045,-0.3612,0
697,6.967857,0.034,0.897,0.07,0.7506,0
698,6.937857,0.07,0.775,0.155,0.9817,0
699,6.898929,0.054,0.798,0.148,0.9765,1
700,7.001786,0.051,0.814,0.135,0.9726,1
701,7.122857,0.054,0.794,0.152,0.9724,1
702,7.185714,0.035,0.88,0.084,0.9267,1
703,7.269643,0.051,0.849,0.1,0.923,1
704,7.561429,0.031,0.874,0.095,0.9371,0
705,7.458214,0.066,0.828,0.107,0.8672,1
706,7.611786,0.018,0.933,0.048,0.5423,0
707,7.664286,0,0.958,0.042,0.8775,0
708,7.656428,0.008,0.964,0.028,0.653,0
709,7.5625,0.036,0.925,0.04,0.0258,0
710,7.510714,0.062,0.792,0.147,0.975,1
711,7.6,0.144,0.778,0.078,-0.9811,0
712,7.471071,0.124,0.815,0.061,-0.8225,0
713,7.423929,0.096,0.834,0.07,-0.8509,1
714,7.503929,0.098,0.776,0.126,0.8977,0
715,7.533214,0.053,0.85,0.097,0.9091,0
716,7.440357,0,0.824,0.176,0.9965,1
717,7.675357,0.02,0.923,0.058,0.8862,0
718,7.574286,0.022,0.906,0.073,0.9584,0
719,7.385,0.026,0.806,0.168,0.9941,0
720,7.2325,0.008,0.829,0.162,0.9888,1
721,7.355357,0.073,0.817,0.11,0.8107,0
722,7.3875,0,0.938,0.062,0.8668,1
723,7.318929,0.054,0.843,0.103,0.9365,0
724,7.181428,0.04,0.85,0.11,0.765,0
725,6.996786,0.03,0.905,0.065,0.8523,0
726,6.970357,0.057,0.811,0.132,0.9677,1
727,7.026072,0.121,0.746,0.133,0.2645,0
728,6.879643,0.047,0.897,0.056,0.1531,1
729,6.988929,0.036,0.863,0.101,0.9602,0
730,7.015,0.051,0.921,0.028,-0.5346,0
731,6.996071,0.015,0.937,0.048,0.7133,0
732,6.96,0.045,0.845,0.11,0.9678,1
733,7.075357,0.066,0.845,0.089,0.6219,1
734,7.212143,0.024,0.934,0.043,0.6588,1
735,7.2925,0.035,0.893,0.072,0.8805,0
736,7.201071,0.032,0.903,0.065,0.8542,1
737,7.209286,0.106,0.817,0.077,-0.7845,0
738,7.226429,0.068,0.887,0.045,-0.6249,0
739,7.142857,0.011,0.904,0.084,0.9367,0
740,7.079643,0.051,0.882,0.067,0.5859,1
741,7.049286,0.034,0.866,0.1,0.9648,1
742,7.227857,0.055,0.874,0.071,0.7657,1
743,7.348214,0.067,0.859,0.074,-0.3138,1
744,7.4975,0.04,0.882,0.078,0.9016,0
745,7.462143,0.063,0.861,0.076,0.7795,1
746,7.474286,0.05,0.872,0.078,0.9196,1
747,7.676429,0.016,0.875,0.109,0.9682,1
748,7.8575,0.014,0.855,0.131,0.9877,0
749,7.796786,0.056,0.844,0.1,0.8925,1
750,7.993928,0.031,0.891,0.078,0.9184,1
751,7.996786,0.046,0.853,0.1,0.9226,1
752,8.120358,0.033,0.858,0.109,0.9721,0
753,8.049286,0.095,0.857,0.049,-0.8979,0
754,8.006429,0.088,0.856,0.056,-0.7687,1
755,8.032143,0.105,0.832,0.064,-0.8724,0
756,8.003572,0.065,0.839,0.096,0.9223,1
757,8.028214,0.099,0.754,0.148,0.9683,0
758,7.873929,0.011,0.885,0.104,0.9825,1
759,8.058572,0,0.926,0.074,0.945,1
760,8.13,0.053,0.842,0.105,0.926,1
761,8.247143,0.046,0.904,0.05,-0.4951,0
762,8.176785,0.061,0.882,0.057,0.0258,1
763,8.321428,0.063,0.787,0.15,0.7242,0
764,8.478929,0.041,0.923,0.035,-0.5674,0
765,8.392143,0.047,0.907,0.047,0.2411,1
766,8.507143,0.018,0.92,0.063,0.8496,1
767,8.555357,0.029,0.829,0.142,0.9859,1
768,8.587143,0.038,0.887,0.075,0.7964,0
769,8.6225,0.068,0.865,0.066,0.2942,1
770,8.65,0.052,0.878,0.071,0.5574,1
771,8.637857,0.02,0.956,0.024,0,1
772,8.76,0.044,0.893,0.063,0.6593,1
773,8.777857,0.026,0.901,0.073,0.8673,1
774,8.8775,0.098,0.78,0.122,0.836,0
775,8.8225,0.023,0.926,0.051,0.8228,1
776,8.876429,0.147,0.759,0.095,-0.8948,0
777,9.242857,0.007,0.898,0.095,0.9638,1
778,9.222857,0.037,0.845,0.119,0.9591,1
779,9.571072,0.065,0.831,0.104,0.9387,1
780,9.71,0.056,0.894,0.051,0.2406,0
781,9.545357,0.079,0.871,0.05,-0.6808,0
782,9.401786,0,1,0,0,0
783,9.393572,0.061,0.831,0.108,0.9501,1
784,9.618215,0.019,0.863,0.118,0.9538,0
785,9.388928,0.023,0.89,0.087,0.8555,0
786,9.036786,0.036,0.859,0.105,0.9088,1
787,9.065357,0.085,0.804,0.112,0.7903,0
788,8.703929,0.127,0.825,0.048,-0.9673,0
789,8.9375,0.017,0.955,0.029,0.6966,1
790,8.994286,0.037,0.864,0.1,0.9493,1
791,9.258572,0.025,0.892,0.083,0.9393,1
792,9.400714,0.055,0.863,0.083,0.886,0
793,9.112857,0.076,0.827,0.097,0.6369,0
794,9.096429,0.102,0.782,0.115,0.8377,0
795,9.177857,0.098,0.854,0.048,-0.9248,0
796,8.910714,0.092,0.864,0.044,-0.8925,0
797,8.638572,0.012,0.885,0.102,0.9736,0
798,8.831429,0.086,0.856,0.058,-0.6072,0
799,8.548214,0.056,0.865,0.079,0.7319,1
800,8.931429,0.1,0.831,0.069,-0.8837,0
801,8.95,0.077,0.882,0.041,-0.8056,1
802,9.263928,0.046,0.829,0.125,0.7096,0
803,9.274643,0.021,0.921,0.058,0.8708,1
804,9.447857,0.012,0.939,0.049,0.8798,0
805,9.470715,0.006,0.938,0.056,0.9069,0
806,9.221786,0.03,0.84,0.13,0.9856,0
807,9.224643,0.042,0.864,0.094,0.9524,0
808,9.044286,0.034,0.852,0.114,0.9729,0
809,8.981071,0.103,0.864,0.033,-0.9612,0
810,8.744286,0.048,0.877,0.075,0.8523,1
811,8.865357,0.045,0.827,0.128,0.9839,1
812,9.141429,0.082,0.886,0.032,-0.9559,0
813,9.13,0.107,0.797,0.095,-0.6705,1
814,9.325,0.038,0.872,0.09,0.8957,1
815,9.664286,0.011,0.865,0.123,0.988,1
816,9.723214,0.021,0.894,0.086,0.9403,1
817,9.9175,0.065,0.851,0.085,0.6911,0
818,9.72,0.103,0.842,0.055,-0.9498,1
819,9.806429,0.029,0.894,0.077,0.8957,0
820,9.678572,0.022,0.963,0.015,-0.2382,0
821,9.645,0.09,0.847,0.063,-0.8053,0
822,9.533215,0.011,0.911,0.078,0.9074,1
823,9.432858,0.149,0.802,0.049,-0.6249,0
824,9.168214,0,1,0,0,0
825,8.946072,0.086,0.847,0.067,-0.8225,0
826,8.964286,0.032,0.921,0.047,0.5187,0
827,8.946072,0.035,0.914,0.05,0.7469,1
828,9.374286,0.035,0.926,0.039,0.1263,0
829,9.174643,0.048,0.884,0.068,0.2708,1
830,9.233214,0.029,0.933,0.038,0.5886,0
831,9.154285,0.068,0.849,0.083,0.7418,0
832,8.906428,0.075,0.861,0.064,-0.7389,1
833,8.865357,0.041,0.83,0.129,0.9763,1
834,9.042143,0.14,0.786,0.074,-0.9483,0
835,8.924286,0.115,0.756,0.13,0.3455,0
836,8.675,0.054,0.822,0.123,0.9254,1
837,9.4675,0.034,0.881,0.085,0.9138,0
838,9.202857,0.037,0.853,0.111,0.9558,1
839,9.181786,0.031,0.801,0.169,0.9896,1
840,9.285714,0.041,0.837,0.122,0.9755,0
841,9.316786,0.044,0.861,0.095,0.9626,1
842,9.416785,0,0.872,0.128,0.6124,0
843,9.311071,0.041,0.807,0.153,0.9806,0
844,9.301429,0.064,0.853,0.083,0.5106,1
845,9.321786,0.062,0.772,0.166,0.9872,1
846,9.387143,0.09,0.836,0.074,-0.7662,1
847,9.3475,0.086,0.869,0.045,-0.9397,0
848,9.277857,0.012,0.948,0.04,0.6705,1
849,9.338572,0.097,0.831,0.072,-0.8749,1
850,9.280357,0.047,0.881,0.073,0.8122,0
851,9.121428,0.073,0.773,0.154,0.979,0
852,8.810357,0.065,0.812,0.123,0.9517,1
853,8.9875,0.177,0.727,0.096,-0.9231,0
854,8.842143,0.074,0.825,0.101,0.4691,1
855,8.931429,0.084,0.853,0.063,-0.515,1
856,9.012857,0.022,0.864,0.114,0.9442,1
857,9.03,0.04,0.861,0.099,0.9451,0
858,8.906786,0.039,0.896,0.065,0.6331,1
859,8.9925,0.062,0.888,0.05,-0.4555,0
860,8.666785,0.093,0.862,0.045,-0.8758,0
861,8.501429,0.051,0.83,0.119,0.9691,1
862,8.766071,0.045,0.877,0.078,0.7303,0
863,8.633928,0.101,0.841,0.058,-0.7175,0
864,8.598572,0.035,0.932,0.033,-0.0772,1
865,8.6375,0.109,0.849,0.042,-0.9367,1
866,8.973572,0,0.901,0.099,0.9743,1
867,9.110357,0.099,0.782,0.119,0.5436,1
868,9.165714,0.05,0.932,0.019,-0.6101,1
869,9.277857,0.063,0.847,0.09,0.7929,1
870,9.465714,0.018,0.878,0.104,0.9652,0
871,9.399643,0.007,0.903,0.09,0.97,1
872,9.493571,0.031,0.858,0.111,0.9718,1
873,9.5075,0.028,0.823,0.149,0.9893,1
874,9.5775,0.029,0.868,0.103,0.9752,1
875,9.651428,0.008,0.895,0.097,0.9783,1
876,9.9175,0.05,0.846,0.105,0.8519,0
877,9.86,0.055,0.844,0.101,0.9525,1
878,10.137857,0.066,0.853,0.081,0.0562,0
879,10.096786,0.03,0.837,0.134,0.9833,1
880,10.226071,0.056,0.796,0.148,0.9835,1
881,10.432143,0.039,0.775,0.186,0.9814,1
882,10.420357,0,1,0,0,0
883,10.258214,0.034,0.943,0.023,-0.2144,1
884,10.321428,0.072,0.798,0.13,0.9349,0
885,10.219643,0.091,0.851,0.058,-0.39,0
886,10.057143,0.03,0.901,0.069,0.7525,0
887,10.071428,0.031,0.835,0.134,0.9723,1
888,10.3425,0.028,0.842,0.131,0.9821,0
889,10.369286,0.013,0.886,0.101,0.9722,0
890,10.418214,0.019,0.868,0.113,0.9727,1
891,10.526428,0.053,0.906,0.041,-0.34,1
892,10.550357,0.008,0.953,0.039,0.8592,1
893,10.721429,0.036,0.888,0.076,0.8402,0
894,10.98,0.049,0.868,0.084,0.8399,1
895,11.373929,0.029,0.891,0.08,0.9573,0
896,10.835714,0.082,0.823,0.095,0.4855,1
897,11.035714,0.028,0.854,0.118,0.9763,1
898,11.155714,0.048,0.846,0.106,0.9367,0
899,11.038929,0.044,0.835,0.122,0.9804,0
900,10.959642,0.045,0.838,0.117,0.9552,1
901,10.9875,0.09,0.848,0.062,-0.6588,1
902,10.998215,0.054,0.823,0.122,0.9615,0
903,10.865357,0.062,0.875,0.064,0.0772,0
904,10.793571,0.068,0.8,0.132,0.9726,1
905,10.964286,0.06,0.741,0.199,0.9913,1
906,11.120358,0.082,0.828,0.09,0.2036,1
907,11.356786,0.028,0.778,0.194,0.9918,0
908,11.328571,0.025,0.878,0.097,0.9658,1
909,11.466071,0.02,0.897,0.083,0.9417,0
910,11.308572,0.025,0.862,0.113,0.9843,1
911,11.25,0.049,0.847,0.103,0.956,1
912,11.285714,0.051,0.94,0.008,-0.8522,0
913,11.016429,0.028,0.857,0.114,0.9597,0
914,10.918571,0.032,0.932,0.037,-0.0795,0
915,10.757143,0.042,0.889,0.069,0.8381,0
916,10.9,0.051,0.853,0.096,0.9003,1
917,10.998929,0.083,0.817,0.1,0.5334,0
918,10.952857,0,0.866,0.134,0.9875,1
919,11.0875,0.037,0.878,0.084,0.9128,0
920,11.142858,0.024,0.858,0.118,0.9682,1
921,11.205,0.064,0.809,0.127,0.9058,1
922,11.267858,0.035,0.918,0.047,0.4588,1
923,11.197857,0.086,0.902,0.013,-0.8658,0
924,11.259643,0.046,0.897,0.056,0.3313,1
925,11.340357,0.009,0.793,0.198,0.9967,1
926,11.321786,0.017,0.815,0.168,0.9928,1
927,11.38,0.059,0.85,0.092,0.7615,1
928,11.564285,0.016,0.934,0.05,0.875,0
929,11.415358,0.05,0.877,0.073,0.8591,1
930,11.504642,0.052,0.898,0.05,0.3204,0
931,11.416072,0.07,0.852,0.078,-0.2381,1
932,11.584642,0.036,0.875,0.089,0.9496,0
933,11.490357,0.02,0.873,0.107,0.9651,0
934,11.428572,0.038,0.864,0.098,0.9468,1
935,11.4675,0.095,0.857,0.048,-0.9161,1
936,11.486786,0.086,0.836,0.078,0.4588,0
937,11.485714,0.043,0.864,0.093,0.9181,1
938,11.535714,0.022,0.897,0.082,0.9003,1
939,11.584286,0.021,0.901,0.078,0.9269,1
940,11.607142,0,0.906,0.094,0.9718,0
941,11.530357,0.063,0.776,0.161,0.9894,1
942,11.639643,0.019,0.871,0.11,0.8979,0
943,11.650714,0.018,0.867,0.116,0.9724,0
944,11.624286,0.075,0.813,0.111,0.7211,0
945,11.533929,0.043,0.896,0.061,0.8,0
946,11.872857,0.075,0.802,0.122,0.9412,0
947,11.769643,0.019,0.942,0.039,0.8047,1
948,11.954286,0.031,0.944,0.025,-0.2023,0
949,11.928214,0.072,0.829,0.099,0.7622,1
950,12.101071,0.076,0.841,0.082,-0.2378,1
951,12.317142,0.047,0.865,0.088,0.8645,0
952,12.258928,0.035,0.878,0.086,0.9091,1
953,12.353214,0.067,0.759,0.174,0.9719,1
954,11.768572,0.095,0.773,0.132,0.9162,1
955,12.441072,0.099,0.713,0.189,0.9743,0
956,12.015357,0.02,0.883,0.096,0.9647,0
957,11.920357,0.055,0.909,0.036,-0.7936,0
958,11.673928,0.004,0.939,0.056,0.923,1
959,12.011786,0.014,0.921,0.065,0.9153,1
960,12.277857,0.022,0.884,0.094,0.9653,0
961,12.291785,0,0.862,0.138,0.9672,0
962,11.992857,0.101,0.899,0,-0.4019,1
963,12.301785,0.015,0.907,0.077,0.9527,0
964,12.278571,0.042,0.863,0.095,0.9337,0
965,12.272857,0.066,0.778,0.155,0.9756,1
966,12.424643,0.068,0.832,0.1,0.8919,1
967,12.631429,0.036,0.893,0.071,0.5707,1
968,12.763928,0.055,0.871,0.075,0.5499,0
969,12.669642,0.029,0.923,0.048,0.6124,1
970,12.7425,0.06,0.853,0.087,0.743,1
971,12.828215,0.047,0.859,0.094,0.9041,1
972,12.885715,0.031,0.889,0.08,0.9371,1
973,12.758928,0,0.931,0.069,0.93,1
974,12.811071,0,0.956,0.044,0.7142,0
975,12.219643,0.063,0.896,0.041,-0.6059,0
976,12.098928,0.137,0.814,0.05,-0.9847,1
977,12.286428,0.118,0.763,0.119,0.3709,0
978,12.330714,0.034,0.899,0.067,0.4019,1
979,12.695357,0.04,0.886,0.074,0.762,0
980,12.498571,0.084,0.836,0.079,-0.1027,1
981,12.756785,0.05,0.876,0.074,0.7137,1
982,12.859643,0.042,0.838,0.12,0.872,0
983,12.907143,0.048,0.838,0.113,0.9577,0
984,12.675357,0.1,0.807,0.094,-0.4479,1
985,12.6675,0.099,0.787,0.113,0.6119,0
986,12.468572,0.008,0.878,0.114,0.9819,0
987,12.333215,0.048,0.864,0.088,0.85,1
988,12.613571,0.095,0.855,0.05,-0.9424,1
989,12.217857,0.023,0.905,0.072,0.8945,1
990,12.214286,0.099,0.867,0.034,-0.9413,0
991,12.040358,0.047,0.871,0.082,0.8439,0
992,11.999643,0.098,0.828,0.074,-0.9475,1
993,12.234285,0.082,0.841,0.077,0.3125,0
994,12.117143,0.035,0.855,0.11,0.9784,0
995,12.208928,0.047,0.855,0.098,0.8981,1
996,12.431071,0.083,0.858,0.059,-0.7997,1
997,12.6125,0.06,0.861,0.079,0.6597,0
998,12.416429,0.027,0.899,0.074,0.503,1
999,12.522857,0.055,0.847,0.098,0.7783,0
1000,12.539643,0.043,0.82,0.138,0.9874,0
1001,12.296785,0.042,0.82,0.138,0.9729,0
1002,12.035357,0.098,0.817,0.085,-0.504,1
1003,12.186429,0.062,0.826,0.112,0.9676,0
1004,12.075,0.034,0.885,0.081,0.9366,0
1005,12.14,0,0.936,0.064,0.8402,0
1006,11.803214,0.029,0.853,0.119,0.9473,1
1007,11.965,0.07,0.805,0.124,0.9517,1
1008,11.957143,0.134,0.804,0.062,-0.9836,0
1009,11.903571,0.116,0.797,0.086,-0.9318,0
1010,11.646428,0.081,0.859,0.06,-0.91,1
1011,11.896428,0.03,0.916,0.054,0.6808,1
1012,12.268214,0.011,0.924,0.065,0.9127,0
1013,12.678572,0.049,0.911,0.039,-0.7573,0
1014,12.512143,0.009,0.9,0.091,0.9601,1
1015,12.629286,0.011,0.923,0.066,0.9322,0
1016,12.58,0.037,0.828,0.135,0.9905,0
1017,12.385,0.151,0.785,0.064,-0.8542,1
1018,12.490714,0.04,0.919,0.042,-0.1901,0
1019,12.428214,0.044,0.858,0.098,0.9394,1
1020,12.442857,0,0.897,0.103,0.9792,0
1021,12.488929,0.01,0.907,0.083,0.9022,0
1022,12.423572,0.03,0.921,0.05,0.6369,0
1023,12.460357,0.046,0.899,0.055,0.2168,1
1024,12.465,0.02,0.867,0.113,0.9837,0
1025,12.361428,0.031,0.853,0.115,0.983,1
1026,12.345,0.064,0.835,0.101,0.7806,0
1027,12.114285,0.025,0.796,0.179,0.9882,0
1028,11.857142,0.042,0.9,0.057,0.592,1
1029,12.217143,0.005,0.916,0.08,0.9701,0
1030,12.127143,0.057,0.897,0.046,-0.6652,0
1031,11.982142,0.016,0.779,0.205,0.9958,0
1032,11.908215,0.013,0.856,0.131,0.9819,1
1033,11.998929,0.041,0.822,0.136,0.9809,0
1034,11.957143,0.058,0.799,0.143,0.9721,1
1035,12.182143,0.048,0.75,0.202,0.7506,1
1036,12.375,0.017,0.833,0.149,0.9906,0
1037,12.256429,0.052,0.851,0.097,0.9314,1
1038,12.346429,0.075,0.86,0.064,-0.8635,0
1039,12.0775,0.058,0.838,0.103,0.8829,0
1040,11.849286,0.003,0.919,0.078,0.9709,1
1041,11.901786,0.066,0.881,0.054,-0.5362,0
1042,11.805357,0.045,0.863,0.092,0.6752,0
1043,11.685715,0.04,0.858,0.102,0.9611,0
1044,11.785714,0.031,0.877,0.092,0.959,1
1045,11.776786,0.041,0.861,0.097,0.9633,0
1046,11.675,0.041,0.889,0.07,0.8403,0
1047,11.749643,0.115,0.753,0.132,0.7413,0
1048,11.334286,0.06,0.862,0.078,0.8608,0
1049,11.31,0.086,0.824,0.09,0.2186,1
1050,11.390715,0.078,0.836,0.086,0.6757,1
1051,11.834642,0.077,0.918,0.005,-0.937,0
1052,11.699643,0.041,0.877,0.082,0.8762,1
1053,11.916072,0.019,0.933,0.048,0.4939,1
1054,12.001429,0.111,0.752,0.136,0.7506,0
1055,11.998215,0.062,0.801,0.137,0.9724,1
1056,12.25,0.086,0.819,0.095,0.509,1
1057,12.4625,0.059,0.843,0.098,0.7906,1
1058,12.666785,0.047,0.855,0.099,0.9072,1
1059,12.619286,0.114,0.81,0.076,-0.8898,1
1060,12.726429,0.117,0.751,0.132,0.5574,0
1061,12.626071,0.075,0.861,0.064,-0.4548,1
1062,12.7975,0.028,0.864,0.108,0.9753,0
1063,12.893214,0.013,0.902,0.086,0.9201,0
1064,13.051071,0.054,0.817,0.129,0.9769,1
1065,13.5,0.071,0.752,0.178,0.9834,0
1066,14.147142,0.088,0.82,0.092,-0.8226,0
1067,13.819643,0.1,0.812,0.088,-0.813,1
1068,13.868571,0.086,0.852,0.062,-0.8594,1
1069,13.941072,0.046,0.84,0.114,0.9575,1
1070,14.306786,0.06,0.806,0.134,0.9698,0
1071,13.986428,0.025,0.898,0.078,0.6956,1
1072,13.844286,0.093,0.751,0.156,0.886,1
1073,14.201786,0.047,0.892,0.06,0.168,0
1074,13.963572,0.056,0.872,0.072,0.4836,1
1075,13.9075,0.092,0.807,0.102,0.4847,0
1076,13.587143,0.074,0.859,0.067,-0.1759,0
1077,12.9175,0.063,0.891,0.046,-0.1798,0
1078,12.903571,0.019,0.81,0.171,0.986,1
1079,13.232857,0.035,0.827,0.139,0.984,1
1080,13.5025,0.032,0.847,0.122,0.7783,0
1081,13.558214,0.029,0.925,0.046,0.8074,1
1082,13.625714,0.057,0.827,0.117,0.9751,0
1083,13.653929,0.042,0.846,0.112,0.9627,0
1084,12.934643,0.014,0.835,0.15,0.995,0
1085,13.018214,0.072,0.809,0.118,0.9493,0
1086,12.867857,0.036,0.913,0.051,0.5574,1
1087,13.338214,0.026,0.879,0.095,0.9738,1
1088,13.038571,0.01,0.854,0.136,0.9872,1
1089,13.256071,0.041,0.772,0.188,0.9945,1
1090,13.863571,0.023,0.911,0.066,0.7096,1
1091,13.866072,0.06,0.68,0.26,0.9471,1
1092,13.948929,0,0.916,0.084,0.8854,0
1093,13.383572,0.142,0.78,0.078,-0.9442,0
1094,13.120358,0.014,0.866,0.12,0.981,1
1095,13.77,0.036,0.922,0.042,0.2038,0
1096,13.657143,0.059,0.875,0.066,0.1941,1
1097,13.711785,0.009,0.917,0.074,0.8658,0
1098,13.647857,0.017,0.926,0.057,0.9117,1
1099,13.822143,0.008,0.915,0.077,0.9377,1
1100,13.979643,0.087,0.79,0.123,0.9641,1
1101,14.126429,0.121,0.811,0.069,-0.8658,1
1102,14.178572,0.104,0.841,0.055,-0.9077,1
1103,14.830358,0.055,0.893,0.052,-0.5803,0
1104,14.3225,0.04,0.872,0.088,0.9201,1
1105,14.295714,0.044,0.889,0.068,0.6767,1
1106,14.280714,0.083,0.839,0.077,0.1613,1
1107,14.5975,0.057,0.877,0.066,0.5416,0
1108,14.2925,0.022,0.88,0.099,0.8225,0
1109,13.825714,0.024,0.826,0.15,0.9052,0
1110,13.584642,0.051,0.9,0.048,-0.4019,0
1111,13.3775,0.054,0.851,0.096,0.9196,0
1112,13.137857,0.06,0.848,0.092,0.8701,1
1113,13.333215,0.1,0.802,0.098,-0.4184,1
1114,13.420714,0.052,0.844,0.104,0.9042,0
1115,13.538929,0.102,0.841,0.057,-0.9313,1
1116,14.547857,0.06,0.861,0.079,0.8017,0
1117,14.463572,0.077,0.826,0.097,0.6996,1
1118,14.886786,0.051,0.897,0.052,-0.3818,1
1119,15.062857,0.07,0.841,0.089,0.6398,1
1120,14.333928,0.038,0.824,0.139,0.9875,0
1121,14.285714,0.115,0.732,0.153,0.9041,0
1122,14.217857,0.094,0.834,0.072,-0.3071,0
1123,14.465357,0.143,0.774,0.083,-0.9597,0
1124,14.348572,0.058,0.83,0.113,0.9524,0
1125,14.555715,0.05,0.835,0.116,0.93,0
1126,14.392858,0.063,0.892,0.045,-0.4278,1
1127,14.372143,0,0.895,0.105,0.9501,1
1128,14.288929,0.093,0.849,0.057,-0.9125,0
1129,14.2525,0.084,0.866,0.051,-0.8225,1
1130,14.358214,0.094,0.79,0.116,0.7184,0
1131,14.2825,0.119,0.763,0.118,-0.3939,0
1132,14.364643,0.054,0.826,0.12,0.959,1
1133,14.179643,0.059,0.877,0.065,0.3103,0
1134,13.8075,0.057,0.804,0.14,0.9845,0
1135,13.697143,0.056,0.845,0.1,0.9295,0
1136,13.6,0.011,0.848,0.141,0.9898,1
1137,13.901786,0.041,0.868,0.091,0.946,0
1138,13.713572,0.039,0.841,0.12,0.985,0
1139,13.532857,0.025,0.849,0.127,0.9863,0
1140,13.228572,0.018,0.871,0.111,0.9852,0
1141,13.250714,0.016,0.887,0.098,0.9817,1
1142,13.375357,0.011,0.871,0.118,0.9798,0
1143,13.157857,0.041,0.907,0.052,0.6508,0
1144,13.298214,0.067,0.732,0.201,0.9719,1
1145,13.422857,0.086,0.796,0.117,0.3919,0
1146,13.6175,0.026,0.789,0.186,0.9933,1
1147,13.662143,0.034,0.903,0.063,0.9127,1
1148,13.9225,0.057,0.894,0.049,-0.4588,0
1149,14.053214,0.059,0.855,0.087,0.7219,0
1150,14.018214,0.007,0.917,0.076,0.9672,0
1151,13.926071,0.037,0.892,0.071,0.8126,0
1152,13.980357,0.03,0.886,0.085,0.9217,0
1153,14.030357,0.114,0.787,0.098,-0.8302,1
1154,13.988571,0.053,0.85,0.097,0.8625,1
1155,14.035714,0.045,0.869,0.087,0.9118,0
1156,13.810715,0.056,0.85,0.094,0.8959,0
1157,13.690357,0.061,0.868,0.071,0.4118,0
1158,13.584286,0.141,0.797,0.062,-0.9776,1
1159,13.659643,0.115,0.776,0.109,-0.6867,0
1160,13.848572,0.067,0.803,0.13,0.9717,1
1161,14.1675,0.036,0.884,0.079,0.9381,0
1162,14.178572,0,0.898,0.102,0.9842,1
1163,14.396428,0.054,0.873,0.073,0.8234,1
1164,14.531786,0.041,0.873,0.085,0.8556,0
1165,14.407143,0.048,0.782,0.169,0.9749,1
1166,14.411072,0.076,0.84,0.084,-0.296,1
1167,14.621428,0.091,0.834,0.075,-0.8647,1
1168,14.642858,0.025,0.905,0.071,0.9606,1
1169,14.819643,0.005,0.832,0.163,0.9931,1
1170,14.991786,0.011,0.857,0.131,0.9887,1
1171,15.196428,0.02,0.697,0.283,0.9991,0
1172,15.211071,0.027,0.848,0.125,0.9807,0
1173,15.095715,0.032,0.932,0.036,0.3612,0
1174,15.081429,0.019,0.88,0.101,0.9874,0
1175,14.989285,0.073,0.843,0.084,-0.2975,1
1176,15.15,0.043,0.909,0.048,0.3736,1
1177,15.248571,0.014,0.888,0.098,0.9879,1
1178,15.3625,0.032,0.853,0.115,0.9868,0
1179,15.2675,0.038,0.859,0.103,0.9481,0
1180,15.095357,0.021,0.883,0.096,0.9749,1
1181,15.182143,0.075,0.781,0.144,0.9663,0
1182,16.23,0.026,0.83,0.144,0.989,0
1183,16.012857,0.073,0.863,0.064,-0.5484,0
1184,15.918214,0.03,0.879,0.09,0.8625,1
1185,16.371786,0.03,0.926,0.044,0.5696,0
1186,16.282143,0.014,0.859,0.127,0.9934,0
1187,16.370714,0.053,0.871,0.076,0.4413,1
1188,16.616072,0.059,0.831,0.11,0.9404,1
1189,16.803572,0.038,0.876,0.086,0.9692,1
1190,17.17,0,0.911,0.089,0.9856,1
1191,17.534286,0.028,0.881,0.091,0.9757,1
1192,17.840357,0.046,0.845,0.109,0.9773,1
1193,18.023571,0.092,0.864,0.044,-0.9666,1
1194,18.366428,0.062,0.875,0.063,0.0772,0
1195,17.553572,0.022,0.916,0.062,0.9071,1
1196,17.968214,0.076,0.784,0.14,0.9652,0
1197,18.102858,0.031,0.864,0.105,0.9797,1
1198,18.324286,0.031,0.853,0.116,0.9747,0
1199,18.395714,0.068,0.812,0.12,0.9455,1
1200,18.559643,0.067,0.84,0.093,0.8577,1
1201,18.618214,0.05,0.894,0.056,0.1227,1
1202,18.855715,0.052,0.881,0.067,0.25,1
1203,19.341429,0.031,0.969,0,-0.1154,1
1204,19.577499,0.041,0.888,0.071,0.9166,0
1205,19.437143,0.041,0.878,0.081,0.9115,1
1206,19.479286,0.014,0.89,0.096,0.9854,0
1207,18.702143,0.076,0.853,0.071,-0.7209,1
1208,19.171429,0.043,0.895,0.062,0.781,0
1209,19.096071,0.052,0.851,0.097,0.9349,1
1210,19.436071,0.068,0.854,0.077,0.4404,1
1211,19.606428,0.019,0.924,0.057,0.9544,1
1212,19.912144,0.02,0.926,0.054,0.8225,1
1213,21.414642,0.044,0.861,0.096,0.9729,0
1214,20.882856,0.107,0.845,0.048,-0.9732,1
1215,21.370358,0.063,0.867,0.07,0.5709,1
1216,21.411072,0.059,0.876,0.065,0.4767,1
1217,21.526428,0.03,0.884,0.087,0.9339,0
1218,21.349285,0.043,0.858,0.099,0.9577,1
1219,21.446072,0.045,0.901,0.054,0.51,0
1220,21.421072,0.053,0.853,0.093,0.913,1
1221,21.649286,0.036,0.868,0.097,0.9476,1
1222,22.084999,0.067,0.878,0.055,-0.4779,0
1223,21.885,0.057,0.837,0.106,0.8594,0
1224,21.741785,0.025,0.819,0.156,0.6908,0
1225,21.493929,0.005,0.912,0.082,0.9802,1
1226,22.403572,0.045,0.859,0.096,0.9469,1
1227,22.298214,0.019,0.877,0.104,0.9833,0
1228,22.392143,0.007,0.863,0.13,0.9911,1
1229,22.361786,0.047,0.894,0.059,0.4188,1
1230,22.854643,0.026,0.879,0.095,0.9693,0
1231,22.721428,0.07,0.821,0.109,0.9376,0
1232,22.321428,0.07,0.82,0.11,0.9337,0
1233,22.289642,0.024,0.878,0.098,0.9808,0
1234,21.787857,0.052,0.892,0.056,-0.19,0
1235,20.676428,0.061,0.83,0.108,0.8979,1
1236,21.918571,0.036,0.859,0.105,0.9789,0
1237,21.436428,0.07,0.802,0.127,0.9669,0
1238,21.120714,0.056,0.843,0.101,0.9323,0
1239,20.378929,0.087,0.811,0.103,0.5859,1
1240,20.093214,0.054,0.863,0.083,0.926,0
1241,21.987143,0.066,0.844,0.09,0.875,0
1242,21.938213,0.057,0.865,0.078,0.7469,0
1243,21.609642,0.057,0.873,0.07,0.3506,0
1244,21.35,0.04,0.839,0.121,0.9864,0
1245,20.889286,0.122,0.746,0.132,0.0772,0
1246,20.722857,0.076,0.838,0.086,0.4767,1
1247,21.089285,0.068,0.85,0.082,0.5859,0
1248,20.610001,0.11,0.795,0.096,-0.6712,0
1249,20.053572,0.079,0.872,0.049,-0.8528,1
1250,20.342142,0.046,0.858,0.095,0.9521,0
1251,20.132143,0.051,0.876,0.073,0.8851,1
1252,20.520714,0.082,0.805,0.113,0.775,0
1253,20.178572,0.078,0.812,0.11,0.7579,1
1254,20.091785,0.032,0.914,0.053,0.5859,0
1255,20.051786,0.082,0.798,0.12,0.9453,0
1256,19.7875,0.066,0.812,0.122,0.9643,0
1257,19.475357,0.074,0.785,0.141,0.9626,0
1258,19.07,0.094,0.749,0.157,0.9696,0
1259,19.089285,0.044,0.819,0.137,0.9758,1
1260,20.341072,0.061,0.835,0.104,0.6893,0
1261,19.910715,0.112,0.808,0.08,-0.971,1
1262,20.566786,0.121,0.76,0.119,-0.7007,0
1263,20.163929,0.11,0.826,0.064,-0.8708,0
1264,20.328571,0.096,0.767,0.137,0.8418,1
1265,20.740715,0.084,0.772,0.144,0.903,0
1266,20.327143,0.086,0.823,0.091,0.3818,0
1267,20.053572,0.056,0.828,0.116,0.9703,1
1268,20.045357,0.046,0.923,0.031,-0.5859,1
1269,20.2775,0.052,0.839,0.109,0.964,1
1270,20.6175,0.086,0.791,0.123,0.9414,0
1271,20.414286,0.035,0.91,0.055,0.7559,1
1272,20.99,0.014,0.911,0.075,0.9766,0
1273,20.516428,0.07,0.835,0.095,0.8053,1
1274,20.518572,0.053,0.806,0.142,0.9787,0
1275,20.401428,0.045,0.877,0.078,0.9228,1
1276,20.392857,0.125,0.76,0.115,-0.7684,1
1277,20.391428,0.016,0.933,0.051,0.9125,1
1278,20.835714,0.013,0.894,0.093,0.9857,1
1279,21.0075,0.041,0.877,0.082,0.9482,0
1280,20.908571,0.073,0.851,0.076,0.2287,0
1281,20.68,0.065,0.852,0.083,0.5423,1
1282,20.617857,0.005,0.925,0.07,0.9643,0
1283,20.404642,0.041,0.888,0.071,0.5346,1
1284,20.535715,0.028,0.868,0.105,0.9723,0
1285,20.416786,0.029,0.884,0.087,0.9409,0
1286,20.642857,0.053,0.887,0.06,0.4491,1
1287,21.245714,0.096,0.831,0.073,-0.8511,1
1288,21.448572,0.028,0.847,0.126,0.9817,1
1289,21.681786,0.106,0.798,0.097,-0.6249,0
1290,21.617857,0.093,0.826,0.081,-0.1082,1
1291,22.070356,0.026,0.871,0.103,0.9761,0
1292,21.647142,0.054,0.872,0.075,0.7831,0
1293,21.437143,0.032,0.897,0.071,0.7816,0
1294,21.533928,0.029,0.884,0.088,0.8882,1
1295,21.611429,0.035,0.834,0.131,0.9889,1
1296,21.813929,0.054,0.829,0.117,0.9657,0
1297,21.663929,0.026,0.913,0.06,0.7713,0
1298,21.831429,0.049,0.864,0.086,0.8912,1
1299,21.893929,0.051,0.863,0.086,0.9128,0
1300,21.228571,0.062,0.82,0.118,0.9718,1
1301,21.692142,0.065,0.776,0.159,0.9894,0
1302,20.516428,0.061,0.872,0.066,-0.5259,1
1303,20.705715,0.059,0.835,0.106,0.9558,0
1304,20.536072,0.038,0.853,0.109,0.9702,1
1305,21.104286,0.05,0.897,0.053,0.0899,1
1306,21.543928,0.034,0.814,0.152,0.886,1
1307,21.996786,0.118,0.785,0.097,-0.885,0
1308,21.530001,0.1,0.791,0.109,0.4116,1
1309,21.915358,0.106,0.767,0.127,0.7733,1
1310,22.046072,0.025,0.873,0.103,0.9805,1
1311,22.241785,0.068,0.876,0.055,-0.5029,0
1312,22.066071,0.049,0.86,0.091,0.9696,1
1313,22.096786,0.093,0.814,0.093,-0.2115,1
1314,22.263929,0.047,0.846,0.106,0.9792,1
1315,22.566786,0.044,0.866,0.091,0.9575,0
1316,22.546429,0.037,0.838,0.125,0.987,0
1317,22.543215,0.072,0.805,0.123,0.9703,1
1318,22.857143,0.057,0.868,0.076,0.7506,1
1319,23.214643,0.025,0.842,0.133,0.9871,1
1320,23.957857,0.071,0.813,0.115,0.9491,0
1321,23.372143,0.056,0.807,0.136,0.9818,1
1322,23.789642,0.013,0.906,0.081,0.9562,0
1323,23.553928,0.034,0.915,0.051,0.5661,1
1324,24.285357,0.072,0.811,0.117,0.8516,0
1325,24.106428,0.024,0.836,0.14,0.8519,0
1326,24.116072,0.12,0.79,0.09,-0.7019,0
1327,23.951429,0.052,0.929,0.019,-0.4554,0
1328,23.830357,0.181,0.742,0.077,-0.9231,0
1329,24.127501,0.015,0.915,0.07,0.9607,0
1330,24.041786,0.056,0.881,0.063,-0.296,1
1331,24.216072,0.062,0.864,0.074,0.5865,1
1332,24.301786,0.066,0.81,0.125,0.9726,0
1333,23.753929,0.082,0.859,0.059,-0.8525,0
1334,23.816071,0.022,0.89,0.089,0.9742,1
1335,24.191786,0.037,0.9,0.062,0.8419,1
1336,24.641428,0.04,0.905,0.055,0.5093,1
1337,24.976786,0.054,0.871,0.075,0.7652,1
1338,24.995714,0.089,0.767,0.143,0.9452,1
1339,25.009285,0.097,0.872,0.031,-0.9547,1
1340,24.969999,0.08,0.807,0.113,0.9062,0
1341,25.086071,0.064,0.805,0.132,0.9704,0
1342,24.530714,0.166,0.799,0.035,-0.9942,1
1343,24.580715,0.06,0.861,0.079,0.2617,0
1344,23.883572,0.095,0.819,0.087,-0.4398,0
1345,23.724644,0.05,0.818,0.131,0.9866,1
1346,24.241072,0.063,0.806,0.131,0.7935,0
1347,23.969999,0.021,0.927,0.052,0.8361,0
1348,23.636072,0.024,0.893,0.083,0.8872,0
1349,23.745001,0.062,0.816,0.122,0.9201,1
1350,23.973215,0.066,0.884,0.051,-0.6897,0
1351,23.757143,0.067,0.82,0.113,0.9423,0
1352,23.102858,0.103,0.82,0.077,-0.886,0
1353,22.808929,0.113,0.818,0.068,-0.8927,0
1354,22.847857,0.03,0.874,0.096,0.962,1
1355,23.089285,0.024,0.859,0.117,0.9726,0
1356,22.484285,0.058,0.846,0.096,0.926,1
1357,22.583929,0.057,0.859,0.084,0.7679,1
1358,22.691786,0.043,0.87,0.088,0.9413,1
1359,23.173929,0.105,0.803,0.092,-0.2263,0
1360,22.5375,0.099,0.866,0.035,-0.9607,0
1361,21.872143,0.042,0.871,0.087,0.944,1
1362,22.535715,0.058,0.869,0.072,0.7088,0
1363,22.194286,0.05,0.896,0.054,0.6103,0
1364,22.142857,0.076,0.816,0.108,0.8639,0
1365,21.765358,0.087,0.799,0.114,0.8176,0
1366,21.245714,0,0.96,0.04,0.5106,1
1367,21.281786,0.076,0.859,0.065,-0.743,0
1368,20.84,0.05,0.897,0.053,0.2722,1
1369,21.079643,0.051,0.869,0.08,0.9106,0
1370,20.494286,0.019,0.909,0.072,0.7351,0
1371,20.022499,0.078,0.802,0.12,0.4019,0
1372,19.300714,0.087,0.793,0.12,0.8275,1
1373,19.791071,0.066,0.798,0.136,0.9898,0
1374,19.246786,0.009,0.872,0.119,0.9732,1
1375,19.482143,0.029,0.855,0.116,0.9618,0
1376,19.1975,0.048,0.821,0.131,0.9703,0
1377,18.757143,0.109,0.797,0.094,-0.6353,1
1378,19.311071,0.046,0.836,0.118,0.9789,1
1379,20.425358,0.036,0.84,0.124,0.9855,0
1380,20.151785,0.04,0.851,0.109,0.9686,0
1381,20.256071,0.014,0.843,0.142,0.9888,1
1382,20.567858,0.039,0.847,0.114,0.9707,1
1383,21.055357,0.055,0.862,0.084,0.8779,0
1384,20.616785,0,0.963,0.037,0.2732,1
1385,21.079287,0.015,0.866,0.119,0.8485,0
1386,20.956785,0.046,0.805,0.149,0.946,0
1387,20.778572,0.065,0.884,0.051,-0.7057,0
1388,20.318214,0.055,0.805,0.14,0.9854,0
1389,18.890715,0.028,0.803,0.169,0.9951,1
1390,19.764286,0.062,0.794,0.144,0.9873,0
1391,18.75,0.04,0.874,0.086,0.9117,1
1392,19.2775,0.026,0.86,0.114,0.9732,1
1393,19.563213,0.048,0.783,0.168,0.9927,0
1394,18.969643,0.095,0.818,0.088,-0.5831,0
1395,18.383928,0.112,0.781,0.106,-0.6251,0
1396,18.176071,0.017,0.888,0.095,0.9677,1
1397,18.75,0.02,0.839,0.141,0.9871,1
1398,18.981071,0.066,0.832,0.102,0.8705,0
1399,18.928572,0.066,0.843,0.091,0.737,0
1400,18.3025,0.027,0.87,0.104,0.9223,1
1401,18.583929,0.077,0.757,0.166,0.9844,0
1402,18.535715,0,0.916,0.084,0.9578,0
1403,18.340714,0.04,0.848,0.113,0.9702,1
1404,18.224644,0.088,0.731,0.181,0.34,0
1405,19.779285,0.047,0.871,0.082,0.8867,0
1406,19.567142,0.043,0.874,0.082,0.9001,0
1407,19.1775,0.065,0.797,0.138,0.9796,0
1408,18.642857,0.041,0.873,0.085,0.9456,1
1409,18.900356,0.033,0.883,0.084,0.9628,0
1410,18.660715,0.067,0.825,0.109,0.937,0
1411,18.876785,0.031,0.896,0.073,0.8442,0
1412,18.607143,0.045,0.921,0.033,-0.4664,0
1413,17.952858,0.017,0.859,0.124,0.9856,0
1414,17.796429,0.061,0.888,0.051,-0.4767,0
1415,17.665714,0.049,0.905,0.045,0.1803,1
1416,18.225357,0.06,0.87,0.069,0.5095,0
1417,17.804285,0.075,0.827,0.098,0.5647,1
1418,18.02,0.127,0.818,0.055,-0.9691,1
1419,18.171785,0.127,0.773,0.1,-0.8426,1
1420,16.428572,0.135,0.777,0.089,-0.9312,0
1421,16.131786,0.108,0.763,0.13,0.8674,0
1422,15.636786,0.029,0.841,0.129,0.915,1
1423,16.321428,0.08,0.817,0.103,0.4767,0
1424,16.320715,0.033,0.809,0.158,0.9615,0
1425,16.396786,0.093,0.85,0.057,-0.5994,0
1426,16.211071,0.023,0.843,0.134,0.875,0
1427,16.3025,0.047,0.815,0.138,0.9756,1
1428,16.544643,0.083,0.831,0.086,0.4951,1
1429,16.928572,0.092,0.791,0.117,0.8873,1
1430,17.017857,0.045,0.868,0.086,0.921,1
1431,17.125357,0.059,0.857,0.084,0.743,0
1432,16.686071,0.031,0.886,0.083,0.9325,0
1433,16.59,0.026,0.869,0.105,0.9767,1
1434,16.744642,0.036,0.86,0.104,0.9829,0
1435,16.467857,0.066,0.751,0.183,0.9868,0
1436,16.346071,0.075,0.808,0.117,0.9509,0
1437,15.928572,0.083,0.86,0.057,-0.9083,1
1438,16.044643,0.102,0.817,0.081,-0.7684,1
1439,16.208929,0.094,0.808,0.099,-0.0772,0
1440,15.850715,0.058,0.777,0.164,0.9855,1
1441,16.015358,0.047,0.87,0.083,0.7964,0
1442,15.858929,0.028,0.843,0.129,0.9698,0
1443,15.642858,0.044,0.87,0.086,0.9468,0
1444,15.278571,0.072,0.845,0.083,0.5849,0
1445,15.052857,0.052,0.836,0.112,0.9787,1
1446,15.518214,0.027,0.909,0.064,0.9324,0
1447,15.160714,0.057,0.827,0.116,0.9578,1
1448,15.35,0.029,0.894,0.077,0.8957,1
1449,15.348214,0.038,0.871,0.091,0.9275,1
1450,15.557143,0.03,0.903,0.067,0.6258,0
1451,15.301785,0.032,0.856,0.111,0.97,0
1452,15.458215,0.069,0.834,0.098,0.7304,0
1453,15.640357,0.042,0.898,0.06,0.5562,1
1454,15.766071,0.018,0.932,0.05,0.4215,1
1455,16.410715,0.008,0.908,0.084,0.9587,0
1456,16.079287,0.056,0.833,0.111,0.9287,1
1457,16.235001,0.094,0.803,0.104,0.2732,1
1458,16.596071,0.05,0.834,0.116,0.9633,0
1459,16.622858,0.051,0.829,0.121,0.9718,0
1460,16.302143,0.049,0.856,0.096,0.9175,0
1461,16.065001,0,0.913,0.087,0.3506,0
1462,15.271428,0.114,0.768,0.118,0.0634,1
1463,15.406072,0.084,0.777,0.139,0.9723,1
1464,15.491428,0.034,0.821,0.146,0.99,0
1465,15.160714,0.056,0.828,0.115,0.93,0
1466,15.173214,0.062,0.881,0.057,-0.7988,1
1467,15.227143,0.049,0.869,0.082,0.8555,1
1468,15.289286,0.04,0.911,0.05,0.6369,1
1469,15.49,0.03,0.904,0.066,0.9056,1
1470,15.505357,0.051,0.801,0.148,0.9879,0
1471,15.25,0.034,0.818,0.147,0.9904,0
1472,15.056071,0.036,0.861,0.103,0.9704,1
1473,15.009643,0.043,0.837,0.12,0.9885,0
1474,14.463928,0.096,0.775,0.129,0.8922,0
1475,13.856071,0.033,0.774,0.193,0.9944,1
1476,14.022857,0.021,0.855,0.124,0.9753,1
1477,14.428214,0.058,0.819,0.123,0.9639,1
1478,14.055,0.035,0.879,0.086,0.9501,1
1479,14.686786,0.071,0.837,0.092,0.735,0
1480,14.636071,0.067,0.814,0.119,0.932,1
1481,15.016071,0.01,0.868,0.122,0.9468,1
1482,15.539286,0.066,0.8,0.133,0.7783,1
1483,15.873571,0.024,0.883,0.093,0.9584,0
1484,15.777857,0.04,0.874,0.085,0.899,1
1485,16.118214,0.044,0.784,0.172,0.9945,0
1486,16.275356,0.026,0.897,0.078,0.9089,1
1487,16.606071,0.054,0.868,0.077,0.4854,0
1488,16.421785,0.051,0.82,0.129,0.9738,0
1489,16.356071,0.029,0.862,0.109,0.9538,0
1490,16.125357,0.058,0.841,0.102,0.8276,1
1491,16.208929,0.04,0.885,0.075,0.9209,0
1492,15.684286,0.053,0.836,0.111,0.9493,0
1493,15.115714,0.019,0.841,0.14,0.991,1
1494,15.680357,0.027,0.866,0.107,0.975,0
1495,15.425357,0.05,0.914,0.036,-0.4565,1
1496,15.648214,0.087,0.866,0.047,-0.8934,1
1497,15.858929,0.108,0.801,0.091,-0.7938,0
1498,15.569643,0.085,0.774,0.141,0.9729,1
1499,15.744643,0.028,0.906,0.066,0.8911,1
1500,16.067858,0.068,0.877,0.055,0.0516,0
1501,15.714286,0.075,0.854,0.071,-0.1531,1
1502,15.916072,0.029,0.899,0.072,0.34,1
1503,16.0975,0.045,0.838,0.117,0.9726,0
1504,16.186428,0.054,0.897,0.049,-0.6956,0
1505,15.916072,0.044,0.883,0.074,0.8016,0
1506,15.909643,0.017,0.862,0.12,0.9858,0
1507,15.589286,0.063,0.854,0.083,0.7506,1
1508,15.883214,0.044,0.925,0.031,-0.5813,0
1509,15.562143,0.037,0.826,0.137,0.9851,1
1510,15.696428,0.039,0.849,0.113,0.9649,0
1511,15.446428,0.126,0.779,0.094,-0.9325,1
1512,15.55,0.05,0.858,0.092,0.9246,0
1513,15.408571,0.051,0.914,0.035,-0.6059,1
1514,15.412857,0.062,0.89,0.048,-0.5346,1
1515,15.407143,0.042,0.833,0.125,0.9779,0
1516,14.975,0.05,0.814,0.136,0.9517,0
1517,14.946072,0.058,0.866,0.077,0.7717,0
1518,14.55,0.031,0.881,0.087,0.886,0
1519,14.489285,0.037,0.859,0.104,0.9595,0
1520,14.425,0.051,0.871,0.078,0.7964,0
1521,14.258928,0.072,0.81,0.118,0.9406,0
1522,13.977143,0,0.819,0.181,0.9274,1
1523,14.381785,0.023,0.881,0.096,0.8462,1
1524,14.641429,0,0.862,0.138,0.9849,1
1525,15.030714,0.045,0.815,0.14,0.9824,0
1526,15.013928,0.041,0.851,0.108,0.9363,0
1527,15.003928,0.162,0.784,0.055,-0.9598,0
1528,14.771428,0.081,0.81,0.11,0.8045,1
1529,14.985714,0.047,0.885,0.068,0.714,1
1530,15.105357,0.059,0.864,0.077,0.4378,1
1531,15.273214,0.096,0.806,0.098,-0.1307,0
1532,15.178928,0.078,0.818,0.104,0.7375,1
1533,15.232857,0.059,0.78,0.161,0.9882,1
1534,15.346429,0.015,0.876,0.108,0.9735,1
1535,15.477858,0.032,0.899,0.069,0.875,0
1536,15.467857,0.121,0.835,0.044,-0.9702,0
1537,15.337857,0.079,0.862,0.059,-0.8834,0
1538,15.214286,0.034,0.772,0.194,0.9918,0
1539,15.676071,0.062,0.839,0.099,0.9202,1
1540,15.739285,0.078,0.837,0.085,-0.143,0
1541,15.546429,0.024,0.864,0.113,0.9784,1
1542,15.742857,0.084,0.867,0.049,-0.5859,1
1543,16.07,0.239,0.761,0,-0.8555,1
1544,16.276785,0.026,0.922,0.052,0.7717,1
1545,16.3575,0.024,0.868,0.109,0.9716,1
1546,16.596071,0.083,0.837,0.08,-0.2023,1
1547,16.715,0.078,0.85,0.073,-0.3643,0
1548,16.564285,0.04,0.911,0.05,0.4702,1
1549,16.566429,0.034,0.853,0.113,0.9621,0
1550,16.379999,0.073,0.812,0.115,0.8271,0
1551,16.316429,0.033,0.866,0.101,0.959,1
1552,16.819286,0.041,0.869,0.09,0.8805,1
1553,17.781429,0.059,0.842,0.099,0.8979,1
1554,17.729286,0.049,0.875,0.076,0.8668,1
1555,17.862499,0.018,0.903,0.08,0.9093,1
1556,18.012142,0.039,0.89,0.071,0.7003,1
1557,18.203928,0.013,0.915,0.072,0.6705,0
1558,17.985357,0.02,0.88,0.1,0.9775,0
1559,18.035,0.075,0.83,0.096,0.26,0
1560,17.973928,0.022,0.89,0.088,0.9682,0
1561,17.883928,0.066,0.855,0.08,0.6924,1
1562,17.785715,0.029,0.898,0.073,0.904,0
1563,17.357143,0.063,0.907,0.03,-0.5106,1
1564,17.558929,0.014,0.856,0.13,0.926,1
1565,17.571428,0.035,0.965,0,-0.3094,0
1566,17.841429,0.024,0.904,0.072,0.9558,0
1567,17.866072,0.064,0.81,0.125,0.9688,0
1568,17.801428,0.038,0.884,0.078,0.9008,0
1569,18.035715,0.107,0.787,0.105,-0.1583,1
1570,18.078571,0.02,0.94,0.039,0.4118,0
1571,16.678928,0.058,0.797,0.145,0.9856,1
1572,16.732143,0.017,0.92,0.062,0.899,1
1573,16.762142,0.094,0.841,0.066,-0.8114,0
1574,16.464285,0.081,0.837,0.081,-0.2382,0
1575,15.998571,0.035,0.846,0.119,0.979,1
1576,16.542143,0.023,0.859,0.118,0.982,1
1577,16.810715,0.03,0.869,0.101,0.9644,1
1578,17.071428,0.082,0.859,0.059,-0.803,0
1579,17.717857,0.042,0.893,0.065,0.7096,0
1580,17.674286,0.036,0.866,0.098,0.9459,0
1581,17.471428,0.107,0.811,0.083,-0.8807,0
1582,17.357143,0.185,0.731,0.084,-0.9861,1
1583,17.277857,0,0.85,0.15,0.9855,0
1584,17.044643,0.049,0.851,0.101,0.2484,0
1585,17.343929,0.062,0.853,0.085,0.8979,1
1586,17.518215,0.034,0.884,0.082,0.9274,0
1587,17.280714,0.066,0.832,0.102,0.9287,0
1588,17.377142,0.019,0.913,0.068,0.9542,1
1589,17.497858,0.049,0.885,0.066,0.3804,0
1590,17.308571,0.071,0.883,0.046,-0.7968,1
1591,17.547142,0.036,0.854,0.11,0.9643,0
1592,17.3925,0.054,0.855,0.092,0.6808,1
1593,17.493929,0.05,0.809,0.141,0.9552,1
1594,17.768215,0.077,0.827,0.096,0.6601,1
1595,17.885357,0.089,0.774,0.137,0.9393,1
1596,17.856428,0.016,0.781,0.203,0.9959,1
1597,18.2775,0.047,0.882,0.071,0.7351,1
1598,18.800358,0.045,0.895,0.06,0.7311,0
1599,18.535715,0.018,0.861,0.122,0.9872,1
1600,18.75,0.097,0.795,0.108,0.5719,1
1601,18.975714,0.066,0.806,0.128,0.9382,0
1602,18.894285,0.086,0.858,0.056,-0.4767,1
1603,19.1525,0.008,0.912,0.08,0.9063,0
1604,18.557501,0.097,0.826,0.076,-0.8002,1
1605,18.75,0.013,0.864,0.123,0.8896,0
1606,18.715,0.101,0.844,0.055,-0.9031,0
1607,18.610714,0.048,0.88,0.072,0.688,1
1608,18.735001,0.151,0.774,0.075,-0.9154,1
1609,18.719643,0.013,0.888,0.099,0.9676,0
1610,18.556429,0.057,0.842,0.101,0.886,0
1611,18.377857,0.084,0.852,0.064,-0.7684,1
1612,18.571072,0.041,0.873,0.086,0.941,0
1613,18.488214,0.067,0.876,0.057,-0.3548,1
1614,18.5,0.042,0.898,0.061,0.7476,1
1615,18.671785,0.028,0.889,0.084,0.9429,1
1616,18.806429,0.043,0.89,0.067,0.5267,0
1617,18.749643,0.052,0.823,0.125,0.9758,0
1618,18.536785,0.088,0.787,0.125,0.9274,1
1619,18.543928,0.07,0.761,0.169,0.9912,0
1620,18.485714,0.058,0.822,0.12,0.9516,1
1621,18.554285,0.082,0.816,0.102,0.8589,1
1622,18.607857,0.018,0.843,0.138,0.9918,1
1623,18.718571,0.018,0.874,0.107,0.9799,1
1624,19.153929,0.009,0.876,0.115,0.9837,1
1625,19.624287,0.054,0.833,0.113,0.5859,1
1626,19.939285,0.019,0.922,0.058,0.8481,1
1627,20.196428,0.013,0.932,0.055,0.8176,0
1628,20.451786,0.025,0.901,0.074,0.9125,0
1629,20.206785,0.028,0.9,0.072,0.7968,0
1630,20.127857,0.049,0.782,0.169,0.9937,1
1631,20.25,0.074,0.791,0.135,0.974,0
1632,20.076429,0.064,0.791,0.145,0.9823,0
1633,20.101786,0.075,0.769,0.157,0.9678,0
1634,19.822144,0.029,0.859,0.111,0.9809,1
1635,19.850357,0.029,0.859,0.112,0.9551,0
1636,19.632143,0.067,0.838,0.094,0.8658,1
1637,19.625,0.058,0.82,0.121,0.9541,0
1638,19.479643,0.068,0.878,0.054,-0.2732,1
1639,20.285715,0.039,0.852,0.109,0.9738,1
1640,20.353214,0.047,0.879,0.074,0.6369,0
1641,20.289286,0.01,0.796,0.194,0.9971,0
1642,19.909286,0.102,0.748,0.15,0.5719,0
1643,19.791786,0.027,0.883,0.09,0.5647,1
1644,19.745001,0.014,0.9,0.086,0.9382,0
1645,19.194643,0.036,0.898,0.066,0.9089,1
1646,19.440001,0.011,0.941,0.048,0.822,0
1647,19.243214,0.042,0.851,0.107,0.9597,1
1648,19.528572,0.036,0.866,0.098,0.964,0
1649,19.279642,0.07,0.88,0.049,-0.3438,0
1650,18.925358,0.03,0.817,0.153,0.9842,1
1651,19.222143,0.063,0.868,0.069,-0.0237,1
1652,19.768572,0.075,0.834,0.091,0.7459,1
1653,19.817858,0.073,0.848,0.078,0.1182,0
1654,19.695715,0.099,0.815,0.086,-0.6687,0
1655,19.321072,0.045,0.861,0.094,0.9539,1
1656,19.675358,0.063,0.874,0.063,-0.1681,1
1657,19.640715,0.051,0.868,0.082,0.902,1
1658,19.785715,0.065,0.82,0.115,0.9552,0
1659,19.645357,0.06,0.786,0.153,0.988,1
1660,18.17,0.042,0.775,0.183,0.9744,0
1661,17.947857,0.088,0.84,0.072,-0.3102,0
1662,17.684999,0.044,0.861,0.095,0.8083,1
1663,18.066071,0.037,0.898,0.065,0.4999,1
1664,18.091429,0.019,0.891,0.089,0.964,1
1665,18.216429,0.051,0.815,0.134,0.9743,1
1666,18.620714,0.069,0.792,0.139,0.9716,0
1667,18.523571,0.05,0.854,0.096,0.8773,1
1668,18.950357,0.054,0.851,0.095,0.8116,1
1669,19.176786,0.054,0.871,0.075,0.6096,0
1670,19.094999,0.069,0.896,0.035,-0.8681,1
1671,19.373928,0.061,0.857,0.082,0.6249,1
1672,19.5,0.033,0.888,0.079,0.9129,0
1673,19.455357,0.005,0.893,0.102,0.9679,0
1674,19.035357,0.021,0.869,0.11,0.959,0
1675,19.028214,0.032,0.885,0.082,0.8504,0
1676,18.683929,0.022,0.886,0.092,0.967,1
1677,18.906429,0.076,0.832,0.092,0.8176,0
1678,18.700357,0.028,0.914,0.058,0.8718,0
1679,18.469286,0.058,0.866,0.075,0.903,1
1680,18.895714,0.039,0.815,0.147,0.7543,0
1681,18.964285,0.017,0.92,0.063,0.9169,1
1682,18.961428,0.004,0.878,0.118,0.989,1
1683,19.028214,0.023,0.846,0.131,0.9517,0
1684,18.967501,0.082,0.805,0.113,0.6715,0
1685,18.870001,0.045,0.853,0.102,0.9598,1
1686,19.123215,0.02,0.865,0.115,0.9836,1
1687,19.089643,0.027,0.843,0.13,0.9628,1
1688,19.194286,0.041,0.87,0.089,0.8276,0
1689,18.846428,0.072,0.859,0.069,0.1027,0
1690,18.782143,0.026,0.947,0.027,0.0772,1
1691,19.009285,0.007,0.938,0.055,0.7269,0
1692,18.924643,0.08,0.851,0.069,-0.6187,0
1693,18.997499,0.092,0.807,0.102,-0.1154,1
1694,19.339285,0.028,0.899,0.073,0.9117,1
1695,19.518572,0.046,0.856,0.097,0.9063,0
1696,19.286428,0.074,0.821,0.105,0.7519,0
1697,19.225714,0.075,0.814,0.111,0.5134,0
1698,19.258215,0,0.784,0.216,0.9875,0
1699,19.370714,0.064,0.873,0.063,-0.1298,1
1700,19.335358,0.045,0.84,0.115,0.9628,0
1701,19.278929,0.097,0.802,0.101,0.0145,0
1702,18.857857,0.067,0.865,0.068,0.2846,0
1703,18.756786,0.064,0.829,0.107,0.9125,0
1704,18.665714,0.032,0.874,0.095,0.9748,1
1705,18.952858,0.063,0.879,0.058,-0.2238,0
1706,18.535715,0.054,0.82,0.126,0.9822,1
1707,18.639286,0.041,0.837,0.121,0.9328,0
1708,18.581072,0.074,0.814,0.112,0.7615,0
1709,18.501785,0.072,0.856,0.072,0.4882,1
1710,18.571428,0.038,0.933,0.03,-0.2485,1
1711,18.762142,0.086,0.833,0.082,-0.6478,1
1712,18.868214,0.095,0.838,0.067,-0.8105,1
1713,18.895,0.074,0.756,0.171,0.9861,0
1714,20.293215,0.1,0.772,0.129,0.8355,0
1715,20.161785,0.064,0.876,0.06,-0.0772,1
1716,20.457144,0.106,0.766,0.128,0.1285,1
1717,21.205,0.146,0.718,0.136,-0.3919,0
1718,21.165714,0.036,0.882,0.082,0.7269,0
1719,21.142857,0.127,0.718,0.155,0.7964,0
1720,21.155001,0.047,0.813,0.141,0.9755,1
1721,21.076429,0.109,0.787,0.104,0.3071,1
1722,21.492857,0.07,0.87,0.06,-0.6597,0
1723,21.258928,0,0.948,0.052,0.8047,0
1724,21.008928,0.039,0.894,0.066,0.7579,0
1725,20.876429,0.012,0.95,0.037,0.8458,1
1726,20.981785,0.076,0.812,0.111,0.82,1
1727,21.142857,0.028,0.919,0.053,0.6848,1
1728,21.158215,0.064,0.838,0.099,0.6767,1
1729,21.239286,0.027,0.905,0.067,0.4854,0
1730,21.022499,0.047,0.89,0.064,0.5204,1
1731,21.351786,0.019,0.849,0.132,0.9901,1
1732,21.589643,0.007,0.874,0.119,0.9812,1
1733,21.565357,0.047,0.835,0.119,0.9745,1
1734,21.664286,0.06,0.807,0.133,0.9671,1
1735,21.6875,0.02,0.862,0.118,0.9712,1
1736,21.995714,0.102,0.804,0.094,-0.7269,1
1737,22.357857,0.155,0.799,0.046,-0.891,0
1738,22.423214,0.039,0.884,0.077,0.5859,1
1739,22.785,0.014,0.917,0.069,0.8143,0
1740,22.641428,0.036,0.839,0.125,0.9713,0
1741,22.445,0.014,0.887,0.099,0.9477,1
1742,22.765715,0.049,0.88,0.071,0.6545,1
1743,23.078571,0.039,0.916,0.045,0,1
1744,23.210714,0.053,0.866,0.081,0.6597,0
1745,23.174999,0.054,0.838,0.108,0.9429,1
1746,23.532499,0.056,0.87,0.074,0.7414,0
1747,23.51,0.078,0.86,0.062,-0.6542,0
1748,23.049999,0.096,0.817,0.087,-0.5838,0
1749,23.077499,0.029,0.824,0.147,0.9788,0
1750,23.067499,0.067,0.799,0.134,0.9656,0
1751,23.0725,0.068,0.88,0.053,-0.6652,0
1752,22.9625,0.119,0.812,0.068,-0.9102,0
1753,22.83,0.04,0.817,0.143,0.982,0
1754,22.6875,0.065,0.795,0.14,0.8885,0
1755,22.5525,0.074,0.845,0.082,0.2263,1
1756,22.592501,0.038,0.892,0.07,0.7783,1
1757,22.705,0.021,0.893,0.086,0.8462,1
1758,23.025,0.126,0.725,0.149,0.1513,1
1759,23.379999,0.07,0.823,0.107,0.5267,0
1760,23.467501,0.094,0.841,0.065,-0.872,0
1761,23.4175,0.091,0.89,0.02,-0.9464,1
1762,23.535,0.01,0.911,0.079,0.9313,1
1763,24.067499,0.046,0.846,0.108,0.9331,0
1764,23.860001,0.077,0.871,0.052,-0.6808,0
1765,23.440001,0.052,0.92,0.028,-0.6049,1
1766,23.84,0.05,0.909,0.041,-0.1531,0
1767,23.965,0.044,0.844,0.113,0.875,1
1768,24.200001,0.015,0.91,0.075,0.9008,0
1769,24.2425,0.035,0.882,0.084,0.93,0
1770,23.7575,0.021,0.9,0.079,0.9153,0
1771,23.405001,0.032,0.916,0.052,0.4767,1
1772,23.747499,0.011,0.917,0.072,0.9193,0
1773,23.67,0.035,0.87,0.094,0.9517,1
1774,23.855,0.059,0.828,0.114,0.9246,1
1775,24.26,0.08,0.819,0.101,0.4678,0
1776,24.2125,0.038,0.795,0.168,0.9912,1
1777,24.455,0,0.898,0.102,0.6124,1
1778,24.8325,0.096,0.794,0.11,0.0516,0
1779,24.290001,0,0.951,0.049,0.5227,0
1780,23.725,0.108,0.822,0.07,-0.9288,1
1781,24.092501,0,0.9,0.1,0.891,0
1782,23.6875,0.026,0.854,0.12,0.9754,1
1783,23.7325,0.04,0.892,0.068,0.7026,0
1784,23.565001,0.122,0.803,0.075,-0.9517,1
1785,23.817499,0.048,0.865,0.087,0.8524,1
1786,24.01,0.023,0.88,0.098,0.9538,0
1787,24.0375,0.105,0.756,0.138,0.8294,1
1788,24.3325,0.039,0.78,0.181,0.995,1
1789,24.475,0.033,0.856,0.111,0.9524,1
1790,24.622499,0.084,0.739,0.177,0.9548,1
1791,24.852501,0.012,0.882,0.107,0.9638,1
1792,25.110001,0.056,0.89,0.054,0.101,1
1793,25.1425,0.062,0.891,0.046,-0.3832,1
1794,25.0725,0.08,0.874,0.046,-0.6808,1
1795,25.4475,0.091,0.842,0.067,-0.7351,0
1796,25.355,0.062,0.841,0.097,0.765,0
1797,25.254999,0.07,0.824,0.106,0.8316,1
1798,25.397499,0.09,0.82,0.09,-0.4678,1
1799,25.764999,0.051,0.889,0.06,0.5346,1
1800,25.775,0.096,0.838,0.066,-0.8074,0
1801,24.7125,0.041,0.902,0.057,0.1779,0
1802,24.700001,0.048,0.862,0.09,0.9337,1
1803,24.825001,0.044,0.874,0.082,0.8608,0
1804,24.77,0.042,0.898,0.061,0.8519,0
1805,24.502501,0.069,0.815,0.115,0.9092,1
1806,25.102501,0.063,0.82,0.117,0.9367,1
1807,25.3025,0.032,0.891,0.076,0.9152,1
1808,25.702499,0.029,0.848,0.123,0.9789,0
1809,24.950001,0.06,0.824,0.117,0.932,1
1810,25.317499,0.088,0.853,0.059,-0.9001,1
1811,25.4825,0.072,0.816,0.112,0.8689,0
1812,25.450001,0.009,0.896,0.094,0.9705,0
1813,25.15,0.078,0.818,0.104,0.9072,1
1814,25.127501,0.082,0.863,0.054,-0.8834,0
1815,24.6325,0.084,0.856,0.06,-0.8942,1
1816,24.6625,0.106,0.859,0.034,-0.8481,1
1817,25.202499,0.04,0.899,0.061,0.5267,0
1818,25.147499,0.061,0.808,0.131,0.9756,0
1819,24.817499,0.045,0.891,0.065,0.704,1
1820,24.860001,0.03,0.831,0.139,0.9841,1
1821,24.8575,0.07,0.823,0.107,0.8945,0
1822,24.690001,0.053,0.839,0.108,0.9593,1
1823,25.385,0.016,0.839,0.145,0.9935,0
1824,25.172501,0.065,0.887,0.048,-0.6124,1
1825,25.3325,0.031,0.822,0.147,0.9862,0
1826,25.0975,0.066,0.846,0.088,0.8022,0
1827,24.4925,0.032,0.859,0.109,0.9768,0
1828,23.887501,0.048,0.903,0.049,0.3716,1
1829,24.375,0.015,0.89,0.095,0.9733,1
1830,24.58,0.061,0.841,0.098,0.9306,1
1831,25.754999,0.038,0.851,0.111,0.9856,0
1832,25.709999,0.041,0.789,0.17,0.9941,1
1833,26.02,0.082,0.755,0.163,0.9863,1
1834,26.295,0.102,0.83,0.068,-0.802,1
1835,26.2125,0.038,0.843,0.119,0.9834,1
1836,26.35,0.017,0.855,0.128,0.9325,1
1837,26.74,0.046,0.853,0.101,0.8201,1
1838,27.002501,0.024,0.849,0.128,0.9855,0
1839,27.055,0.028,0.883,0.09,0.9413,1
1840,27.34,0.07,0.86,0.07,0.296,0
1841,27.275,0.075,0.854,0.072,0.3065,0
1842,27.15,0.02,0.912,0.068,0.933,1
1843,27.1875,0.015,0.851,0.134,0.9921,1
1844,27.254999,0.034,0.881,0.085,0.9146,0
1845,27.174999,0.079,0.81,0.11,0.8136,1
1846,27.344999,0.047,0.919,0.034,-0.5023,1
1847,27.950001,0.044,0.837,0.119,0.9667,1
1848,28.2875,0.112,0.809,0.079,-0.9131,1
1849,28.567499,0.023,0.858,0.119,0.9901,0
1850,28.485001,0.056,0.821,0.123,0.9615,1
1851,28.860001,0.009,0.94,0.051,0.9062,0
1852,28.727501,0.015,0.888,0.097,0.9769,1
1853,29.377501,0.066,0.871,0.063,-0.2111,0
1854,29.2125,0.029,0.885,0.086,0.8911,1
1855,29.7675,0.131,0.782,0.086,-0.9497,0
1856,29.485001,0.045,0.833,0.122,0.97,1
1857,29.702499,0.068,0.845,0.086,0.7783,0
1858,28.375,0.056,0.834,0.109,0.8215,1
1859,28.9375,0.054,0.847,0.099,0.8696,1
1860,28.942499,0.038,0.895,0.067,0.7227,0
1861,28.997499,0.072,0.86,0.068,-0.3008,0
1862,28.525,0.061,0.874,0.065,0.4404,0
1863,27.547501,0.025,0.769,0.206,0.9956,1
1864,28.602501,0.039,0.871,0.09,0.8677,0
1865,28.065001,0.099,0.807,0.093,-0.2297,0
1866,27.615,0.05,0.873,0.076,0.6697,0
1867,27.674999,0.024,0.884,0.092,0.9393,0
1868,26.592501,0.058,0.864,0.079,0.5719,1
1869,26.780001,0.08,0.847,0.072,-0.296,1
1870,27.967501,0.045,0.898,0.056,0.7096,1
1871,28.065001,0.057,0.886,0.056,0.3919,0
1872,28.040001,0.017,0.867,0.116,0.9059,1
1873,28.307501,0.066,0.821,0.113,0.9167,0
1874,28.145,0.032,0.817,0.151,0.9831,0
1875,28.025,0.054,0.885,0.061,0.2263,1
1876,28.4475,0.05,0.883,0.067,0.3204,1
1877,28.41,0,1,0,0,0
1878,27.8475,0.046,0.841,0.113,0.9659,0
1879,27.0725,0.049,0.835,0.115,0.9524,0
1880,26.635,0.031,0.85,0.118,0.8225,0
1881,26.799999,0.031,0.848,0.121,0.9761,1
1882,27.307501,0.049,0.863,0.088,0.9072,1
1883,28.1675,0.075,0.888,0.037,-0.9072,0
1884,28.15,0.076,0.852,0.072,-0.4785,0
1885,27.8575,0.022,0.897,0.082,0.8398,0
1886,27.26,0.046,0.862,0.091,0.9081,1
1887,27.5,0.033,0.923,0.044,0.3506,0
1888,26.7575,0.094,0.851,0.055,-0.8885,0
1889,26.959999,0.067,0.841,0.092,0.4215,1
1890,27.237499,0.037,0.886,0.077,0.8591,1
1891,27.565001,0.012,0.938,0.05,0.8074,1
1892,28.075001,0.035,0.87,0.096,0.7717,1
1893,28.434999,0.089,0.779,0.132,0.9332,0
1894,28.105,0.087,0.8,0.113,0.8625,0
1895,29.407499,0,0.918,0.082,0.7096,0
1896,29.08,0.019,0.814,0.166,0.9847,1
1897,29.6,0.081,0.862,0.057,-0.8241,0
1898,29.512501,0.073,0.842,0.084,0.5267,1
1899,29.625,0.105,0.816,0.078,-0.0258,1
1900,29.625,0.07,0.827,0.103,0.9446,1
1901,30.004999,0.061,0.877,0.062,0.5197,0
1902,30.004999,0.027,0.913,0.06,0.7783,0
1903,29.637501,0.062,0.852,0.086,0.4234,1
1904,30.0425,0.102,0.806,0.092,-0.4019,1
1905,30.692499,0.016,0.945,0.04,0.6428,1
1906,31.514999,0.009,0.906,0.085,0.959,1
1907,31.82,0.075,0.835,0.09,0.2732,0
1908,31.872499,0.026,0.861,0.112,0.9371,1
1909,31.907499,0.023,0.91,0.067,0.8968,1
1910,32.119999,0.009,0.961,0.03,0.6753,0
1911,32.154999,0.007,0.972,0.021,0.5647,1
1912,32.505001,0.056,0.847,0.097,0.8442,1
1913,33.235001,0.013,0.962,0.026,0.34,0
1914,32.197498,0.089,0.852,0.059,-0.91,1
1915,32.5,0.136,0.763,0.101,-0.9231,0
1916,32.3125,0.039,0.861,0.099,0.9717,0
1917,32.240002,0.077,0.856,0.068,0.128,1
1918,32.275002,0.074,0.879,0.047,-0.6808,0
1919,32.145,0.033,0.874,0.092,0.9584,0
1920,32.099998,0.059,0.844,0.097,0.9171,0
1921,31.99,0.019,0.91,0.071,0.9245,0
1922,31.602501,0.01,0.882,0.108,0.968,0
1923,31.1875,0.101,0.841,0.058,-0.9253,0
1924,30.577499,0.07,0.867,0.062,-0.128,1
1925,31.1,0.057,0.877,0.066,0.34,0
1926,30.969999,0.011,0.897,0.093,0.9586,1
1927,31.475,0.168,0.743,0.09,-0.9747,1
1928,31.75,0.037,0.856,0.107,0.9789,1
1929,32.1875,0.035,0.874,0.091,0.9372,0
1930,32.0625,0.019,0.848,0.133,0.9811,0
1931,31.780001,0.06,0.844,0.095,0.8405,1
1932,31.807501,0.015,0.874,0.11,0.9748,0
1933,31.635,0.031,0.891,0.078,0.9098,0
1934,30.690001,0,0.903,0.097,0.9761,1
1935,31.1425,0.027,0.869,0.103,0.9397,0
1936,31.012501,0,1,0,0,1
1937,31.205,0.042,0.813,0.145,0.9903,0
1938,31.2575,0.015,0.83,0.155,0.9931,1
1939,31.1175,0.092,0.838,0.07,-0.4821,1
1940,31.4625,0.013,0.902,0.085,0.9404,0
1941,31.4625,0.053,0.864,0.082,0.7615,1
1942,31.487499,0.037,0.869,0.094,0.9557,1
1943,32.092499,0.047,0.849,0.104,0.9422,0
1944,31.75,0.048,0.808,0.144,0.9839,0
1945,31.602501,0.106,0.812,0.081,-0.9097,1
1946,31.57,0.067,0.879,0.054,-0.7232,0
1947,31.387501,0.119,0.841,0.039,-0.9744,0
1948,31.3925,0.03,0.891,0.079,0.8841,1
1949,32.025002,0.054,0.869,0.077,0.7311,0
1950,31.747499,0.032,0.898,0.07,0.8555,1
1951,32.075001,0.027,0.931,0.042,0.296,1
1952,32.622501,0.037,0.888,0.075,0.9194,0
1953,33.077499,0.041,0.872,0.087,0.9293,1
1954,33.615002,0.075,0.841,0.083,0.0772,0
1955,32.540001,0.186,0.814,0,-0.9217,0
1956,32.16,0.045,0.846,0.109,0.9332,0
1957,31.525,0.048,0.884,0.067,0.7506,1
1958,32.375,0.019,0.949,0.031,0.3182,0
1959,32.037498,0.091,0.853,0.055,-0.8869,0
1960,31.192499,0.017,0.848,0.135,0.9851,1
1961,31.67,0.07,0.861,0.068,-0.7681,1
1962,31.8475,0.072,0.848,0.08,-0.1027,0
1963,31.4,0.03,0.84,0.13,0.9732,1
1964,31.5375,0.079,0.758,0.163,0.9686,0
1965,31.852501,0.097,0.752,0.151,0.9632,1
1966,32.267502,0.029,0.87,0.101,0.9493,0
1967,32.095001,0.066,0.771,0.163,0.9862,1
1968,32.672501,0.108,0.804,0.088,-0.7584,0
1969,32.5,0.059,0.866,0.074,0.5647,1
1970,32.517502,0.013,0.928,0.059,0.5267,1
1971,32.900002,0.162,0.758,0.08,-0.8744,1
1972,33.150002,0.045,0.865,0.09,0.8999,0
1973,32.584999,0.034,0.904,0.062,0.8394,1
1974,32.965,0.113,0.76,0.127,0.4387,0
1975,32.807499,0,0.849,0.151,0.8834,0
1976,32.57,0.038,0.908,0.054,0.4588,1
1977,32.465,0.026,0.868,0.107,0.9776,1
1978,32.665001,0.017,0.814,0.169,0.994,0
1979,32.395,0.045,0.844,0.111,0.972,0
1980,32.375,0.052,0.849,0.099,0.9163,0
1981,32.224998,0.02,0.866,0.114,0.9794,0
1982,31.674999,0.032,0.919,0.05,0.3832,1
1983,31.98,0.039,0.881,0.08,0.9022,1
1984,32.294998,0.034,0.9,0.066,0.7579,0
1985,32.047501,0.051,0.819,0.13,0.982,0
1986,31.525,0.049,0.908,0.043,-0.4854,1
1987,31.93,0.021,0.88,0.099,0.9814,0
1988,31.807501,0.06,0.81,0.13,0.969,1
1989,31.9275,0.057,0.845,0.099,0.6705,0
1990,31.872499,0.058,0.848,0.094,0.8316,1
1991,31.870001,0.056,0.861,0.084,0.7471,0
1992,31.8025,0.037,0.875,0.087,0.9246,1
1993,32.215,0.054,0.813,0.133,0.9684,0
1994,31.9175,0.035,0.848,0.118,0.9741,0
1995,31.365,0.048,0.884,0.068,0.1901,0
1996,31.3925,0,0.849,0.151,0.7906,0
1997,31.725,0.054,0.81,0.136,0.9785,0
1998,31.6075,0.027,0.827,0.146,0.9872,1
1999,31.235001,0.018,0.861,0.122,0.8882,1
2000,31.4725,0.04,0.849,0.111,0.9586,0
2001,31.120001,0.038,0.854,0.108,0.975,0
2002,30.9625,0.039,0.874,0.087,0.9255,0
2003,30.485001,0.063,0.913,0.025,-0.714,1
2004,31.2575,0.044,0.914,0.042,-0.128,1
2005,31.51,0.069,0.861,0.069,0.2382,0
2006,31.43,0.031,0.908,0.062,0.6369,1
2007,31.934999,0.02,0.895,0.085,0.9646,1
2008,32.27,0,0.817,0.183,0.995,1
2009,32.7425,0.041,0.869,0.09,0.8897,1
2010,33.212502,0.083,0.722,0.195,0.9988,0
2011,30.497499,0.053,0.744,0.204,0.9992,1
2012,31.549999,0.042,0.799,0.159,0.9901,0
2013,31.33,0.035,0.819,0.145,0.964,0
2014,30.772499,0.066,0.834,0.099,0.8426,0
2015,30.844999,0.109,0.826,0.065,-0.782,0
2016,30.7875,0,0.909,0.091,0.4588,0
2017,30.58,0.056,0.898,0.046,-0.09,1
2018,30.375,0.013,0.904,0.083,0.9153,0
2019,29.355,0.008,0.925,0.066,0.9382,0
2020,28.237499,0.046,0.912,0.041,-0.0018,1
2021,28.9925,0.043,0.907,0.051,0.3261,0
2022,28.645,0.034,0.91,0.056,0.7812,1
2023,29.1325,0.024,0.905,0.071,0.9186,1
2024,29.452499,0.053,0.829,0.118,0.9559,0
2025,28.1325,0.066,0.804,0.13,0.9513,1
2026,29.01,0.056,0.861,0.083,0.7845,0
2027,28.58,0.062,0.825,0.113,0.9299,1
2028,29.01,0.081,0.818,0.101,0.631,1
2029,29.1075,0.133,0.753,0.115,-0.5574,1
2030,29.025,0.026,0.892,0.082,0.9127,0
2031,28.52,0.077,0.826,0.097,0.5653,0
2032,27.6075,0.084,0.792,0.124,0.9269,0
2033,23.717501,0.106,0.787,0.108,-0.5302,1
2034,27.7775,0.054,0.848,0.098,0.9231,0
2035,26.772499,0.057,0.857,0.086,0.743,1
2036,28.057501,0.048,0.872,0.08,0.6808,1
2037,28.0425,0.055,0.858,0.087,0.6369,1
2038,28.0075,0.088,0.882,0.03,-0.7269,1
2039,27.5375,0.028,0.822,0.149,0.9799,0
2040,27.557501,0.017,0.871,0.111,0.9843,1
2041,28.122499,0.06,0.828,0.111,0.9231,0
2042,27.2425,0.043,0.869,0.088,0.8151,1
2043,27.9375,0.076,0.781,0.143,0.9694,1
2044,28.440001,0.016,0.89,0.095,0.9764,0
2045,27.567499,0.007,0.901,0.092,0.9641,1
2046,27.9475,0.059,0.885,0.055,-0.2617,1
2047,29.145,0.04,0.861,0.099,0.9494,0
2048,28.9825,0.103,0.812,0.084,-0.4374,1
2049,29.0625,0.012,0.878,0.11,0.9716,1
2050,28.915001,0.08,0.816,0.104,0.7687,0
2051,28.0525,0.122,0.824,0.055,-0.9564,1
2052,28.4175,0.021,0.878,0.101,0.9648,1
2053,28.344999,0.008,0.91,0.082,0.964,1
2054,28.3125,0.037,0.861,0.102,0.9638,1
2055,29.110001,0.032,0.882,0.086,0.9607,0
2056,28.4625,0.073,0.831,0.096,0.4522,0
2057,28.2075,0.015,0.954,0.031,0.1779,0
2058,27.2675,0.055,0.85,0.095,0.891,1
2059,27.002501,0.134,0.733,0.133,-0.6357,1
2060,27.469999,0.041,0.873,0.086,0.891,1
2061,27.657499,0.088,0.808,0.104,0.274,1
2062,27.934999,0.047,0.866,0.086,0.9261,0
2063,27.547501,0.047,0.849,0.105,0.9692,0
2064,27.5,0.058,0.82,0.121,0.9524,1
2065,28.182501,0.034,0.928,0.037,0.1433,0
2066,27.705,0.041,0.919,0.04,0.1964,1
2067,27.8225,0.054,0.882,0.064,0.4131,0
2068,27.7325,0.013,0.924,0.063,0.8519,1
2069,27.945,0,0.875,0.125,0.9552,0
2070,27.834999,0.1,0.845,0.056,-0.9493,1
2071,28.5,0.047,0.895,0.058,0.631,0
2072,28.5825,0.048,0.823,0.128,0.9793,1
2073,29.174999,0.038,0.857,0.105,0.9652,1
2074,29.52,0.01,0.886,0.104,0.9825,0
2075,28.85,0.103,0.8,0.098,0.3163,0
2076,29.2325,0.156,0.675,0.169,0.5855,1
2077,29.674999,0.089,0.802,0.11,0.6705,1
2078,30.247499,0.063,0.817,0.121,0.6249,0
2079,30.200001,0.009,0.807,0.184,0.98,1
2080,30.1975,0.03,0.864,0.106,0.9575,1
2081,30.782499,0.03,0.931,0.04,0.4854,0
2082,30.4625,0.045,0.808,0.146,0.987,0
2083,30.2775,0.03,0.87,0.1,0.9098,0
2084,30.24,0.059,0.785,0.156,0.9863,0
2085,29.225,0.097,0.791,0.113,0.5285,0
2086,29.092501,0.03,0.863,0.107,0.9571,0
2087,29.065001,0.007,0.891,0.102,0.9738,0
2088,28.799999,0.08,0.887,0.034,-0.836,0
2089,27.844999,0.102,0.797,0.102,0.2732,1
2090,28.73,0.111,0.804,0.084,-0.8662,0
2091,28.940001,0.072,0.876,0.053,-0.7356,1
2092,29.41,0.062,0.856,0.082,0.4585,1
2093,29.799999,0.078,0.811,0.111,0.8511,1
2094,29.817499,0.068,0.827,0.105,0.8368,0
2095,29.3325,0.05,0.842,0.108,0.9352,1
2096,29.8025,0.047,0.824,0.129,0.9638,0
2097,29.5725,0.109,0.802,0.089,-0.6757,0
2098,29.497499,0.052,0.867,0.081,0.4211,1
2099,29.6875,0.017,0.837,0.146,0.9926,0
2100,29.334999,0.055,0.8,0.145,0.9893,0
2101,29.137501,0.036,0.869,0.094,0.9524,0
2102,28.8225,0.037,0.847,0.116,0.9633,1
2103,29.745001,0.083,0.847,0.07,-0.7821,0
2104,29.379999,0.061,0.819,0.121,0.9343,1
2105,29.41,0.061,0.798,0.142,0.9786,0
2106,29.01,0.099,0.804,0.097,-0.5859,1
2107,28.797501,0.069,0.851,0.08,0.1406,0
2108,28.045,0.081,0.837,0.083,-0.796,1
2109,27.985001,0.041,0.883,0.076,0.8604,0
2110,27.7675,0.02,0.891,0.089,0.9584,1
2111,28.004999,0.057,0.879,0.064,0.0616,0
2112,27.227501,0.08,0.828,0.093,0.5979,0
2113,26.82,0.058,0.833,0.109,0.9282,1
2114,26.85,0.078,0.878,0.044,-0.8376,0
2115,26.817499,0.056,0.842,0.103,0.8934,1
2116,27.25,0.053,0.832,0.114,0.9201,0
2117,26.897499,0.145,0.73,0.125,-0.3818,0
2118,26.74,0,0.922,0.078,0.3182,1
2119,27.145,0.058,0.818,0.124,0.3612,0
2120,25.6525,0.071,0.836,0.093,0.6525,1
2121,26.4375,0.059,0.842,0.099,0.8255,0
2122,25.139999,0.114,0.785,0.102,0.5499,1
2123,24.67,0.03,0.862,0.108,0.9786,0
2124,24.637501,0.045,0.869,0.086,0.8883,0
2125,24.7425,0.055,0.827,0.118,0.9634,0
2126,25.137501,0.006,0.842,0.152,0.9918,0
2127,25.08,0.025,0.86,0.116,0.9743,0
2128,24.49,0.019,0.93,0.052,0.69,1
2129,24.049999,0.05,0.904,0.046,0.088,1
2130,24.602501,0.026,0.801,0.173,0.9926,0
2131,23.775,0.019,0.775,0.206,0.9966,1
2132,24.264999,0.005,0.87,0.125,0.983,0
2133,24.657499,0.059,0.874,0.067,0.491,1
2134,25.379999,0.027,0.921,0.052,0.6956,0
2135,24.9825,0.036,0.922,0.041,0.2846,1
2136,24.01,0.047,0.869,0.085,0.8158,0
2137,23.4475,0.07,0.824,0.106,0.8739,1
2138,23.6975,0.092,0.849,0.059,-0.8316,1
2139,24.1175,0.077,0.889,0.035,-0.7269,0
2140,23.75,0.055,0.862,0.083,0.8769,1
2141,23.965,0.039,0.893,0.068,0.8225,1
2142,24.129999,0,0.888,0.112,0.936,0
2143,23.5725,0.058,0.745,0.197,0.7269,1
2144,23.98,0.018,0.884,0.098,0.9354,0
2145,23.4475,0.012,0.883,0.105,0.9726,0
2146,23.547501,0.034,0.847,0.119,0.9721,0
2147,23.754999,0.046,0.821,0.133,0.9738,1
2148,24.1675,0.071,0.839,0.09,0.5719,1
2149,24.709999,0.077,0.894,0.03,-0.9359,0
2150,24,0.044,0.901,0.055,0.4215,1
2151,24.077499,0.093,0.831,0.076,-0.7622,1
2152,24.1,0.051,0.833,0.115,0.9505,0
2153,23.495001,0.076,0.839,0.085,0.2263,1
2154,24.012501,0.104,0.804,0.092,-0.7003,1
2155,24.299999,0.078,0.84,0.081,0.0258,0
2156,24.215,0,0.86,0.14,0.7845,0
2157,24.4125,0.054,0.846,0.1,0.9131,1
2158,25.127501,0.065,0.833,0.102,0.9049,1
2159,25.145,0.076,0.856,0.068,-0.3056,1
2160,25.592501,0.059,0.801,0.14,0.9724,1
2161,25.5975,0.126,0.792,0.082,-0.9279,0
2162,25.195,0.1,0.784,0.116,0.8505,1
2163,25.327499,0.013,0.877,0.11,0.9287,0
2164,25.559999,0.056,0.811,0.133,0.9648,1
2165,25.477501,0.083,0.898,0.019,-0.9387,1
2166,25.99,0.023,0.875,0.101,0.9661,1
2167,26.1525,0.046,0.876,0.078,0.8481,1
2168,26.379999,0.055,0.881,0.064,0.3446,1
2169,26.584999,0.047,0.897,0.055,0.5834,0
2170,26.4825,0.095,0.814,0.091,0.31,0
2171,26.3125,0.177,0.747,0.076,-0.9903,1
2172,26.620001,0.048,0.849,0.102,0.9231,0
2173,26.3675,0.033,0.9,0.067,0.4767,1
2174,26.5,0.045,0.836,0.118,0.8126,0
2175,26.2225,0.043,0.883,0.074,0.8689,1
2176,27.1625,0.029,0.898,0.073,0.7852,1
2177,27.43,0.031,0.871,0.098,0.956,0
2178,27.195,0.014,0.938,0.048,0.8271,1
2179,27.605,0.036,0.795,0.17,0.9565,1
2180,27.557501,0.047,0.89,0.063,0.6903,1
2181,27.487499,0.049,0.854,0.097,0.9294,0
2182,27.227501,0.116,0.748,0.135,0.8202,0
2183,27.2425,0.043,0.957,0,-0.5719,1
2184,27.334999,0.026,0.943,0.031,0.1646,1
2185,27.700001,0.032,0.892,0.076,0.936,1
2186,27.905001,0.115,0.838,0.047,-0.9709,1
2187,28.0275,0.132,0.837,0.031,-0.9726,0
2188,27.2225,0.129,0.796,0.075,-0.9595,0
2189,26.969999,0.094,0.842,0.064,-0.7351,0
2190,26.66,0.073,0.79,0.137,0.9697,1
2191,26.7325,0.026,0.891,0.084,0.9191,0
2192,26.252501,0.058,0.806,0.136,0.9683,1
2193,26.25,0.087,0.789,0.125,0.8534,1
2194,25.977501,0.06,0.817,0.123,0.9477,1
2195,24,0.049,0.825,0.126,0.9718,1
2196,24.4025,0.063,0.844,0.093,0.7243,0
2197,23.497499,0.1,0.842,0.058,-0.8934,0
2198,23.4925,0.104,0.818,0.078,-0.8199,0
2199,23.549999,0.081,0.8,0.119,0.889,1
2200,23.799999,0.062,0.829,0.109,0.9408,0
2201,23.5,0.067,0.82,0.113,0.9178,0
2202,23.342501,0.074,0.832,0.094,0.5024,0
2203,23.25,0.051,0.872,0.076,0.7684,0
2204,23.3325,0.046,0.89,0.064,0.5719,1
2205,23.370001,0.028,0.819,0.152,0.9844,0
2206,23.18,0.102,0.793,0.105,-0.5691,0
2207,22.5,0.038,0.858,0.104,0.9522,1
2208,23.0975,0.055,0.895,0.05,-0.3612,1
2209,23.637501,0.05,0.928,0.022,-0.765,0
2210,23.540001,0.041,0.902,0.057,0.5423,1
2211,23.66,0.049,0.86,0.091,0.9001,0
2212,23.66,0.058,0.838,0.104,0.7933,1
2213,23.967501,0.076,0.827,0.097,0.0772,1
2214,24.305,0.037,0.855,0.108,0.9465,1
2215,24.6675,0.042,0.87,0.088,0.9129,1
2216,24.92,0.041,0.887,0.072,0.544,1
2217,24.860001,0.084,0.796,0.12,0.9346,1
2218,24.9,0,0.806,0.194,0.7579,1
2219,24.754999,0.069,0.853,0.078,0.6994,0
2220,24.4,0.054,0.879,0.067,0.775,1
2221,24.4475,0.038,0.83,0.132,0.9546,1
2222,24.497499,0.058,0.837,0.105,0.7717,1
2223,24.754999,0.098,0.814,0.088,-0.5993,0
2224,24.625,0.099,0.79,0.111,0.775,1
2225,24.6325,0.044,0.796,0.161,0.975,1
2226,24.672501,0.029,0.895,0.076,0.8658,0
2227,24.33,0.028,0.893,0.079,0.9201,1
2228,24.455,0.005,0.929,0.066,0.9549,0
2229,24.112499,0.022,0.874,0.104,0.9287,1
2230,24.155001,0.112,0.765,0.123,-0.0516,0
2231,24,0.021,0.84,0.139,0.9817,0
2232,23.735001,0.04,0.864,0.095,0.9398,1
2233,24.0625,0.036,0.883,0.081,0.9384,0
2234,23.985001,0.067,0.817,0.116,0.9262,1
2235,23.227501,0.045,0.879,0.077,0.7764,1
2236,23.25,0.076,0.83,0.093,0.121,0
2237,23.225,0.098,0.802,0.1,-0.2091,1
2238,23.4925,0.096,0.81,0.094,-0.2732,1
2239,23.610001,0.085,0.866,0.049,-0.6121,1
2240,23.8475,0.038,0.871,0.091,0.9215,0
2241,23.65,0.016,0.914,0.069,0.8658,1
2242,23.924999,0.021,0.856,0.123,0.9837,1
2243,24.122499,0.024,0.857,0.119,0.9744,1
2244,24.1875,0.075,0.839,0.086,0,1
2245,24.2925,0.053,0.841,0.106,0.9486,1
2246,24.352501,0.091,0.803,0.106,0.3071,0
2247,24.3475,0.049,0.872,0.079,0.9062,1
2248,24.73,0.095,0.823,0.083,-0.2617,0
2249,24.674999,0.047,0.894,0.059,0.4767,1
2250,24.889999,0.068,0.823,0.109,0.9314,1
2251,25,0.015,0.855,0.129,0.9886,0
2252,24.9575,0.057,0.819,0.124,0.9455,0
2253,24.815001,0.079,0.809,0.112,0.8692,0
2254,24.5625,0.108,0.803,0.09,-0.767,0
2255,24.205,0.105,0.782,0.113,0.3534,0
2256,26.067499,0.056,0.815,0.129,0.9762,0
2257,25.7075,0.019,0.837,0.145,0.9484,1
2258,26.047501,0.032,0.718,0.25,0.9299,1
2259,26.102501,0.079,0.822,0.098,0.5118,1
2260,26.512501,0.065,0.85,0.085,0.5994,0
2261,26.395,0.071,0.855,0.073,-0.32,1
2262,26.879999,0.076,0.866,0.059,-0.6715,1
2263,27.057501,0.074,0.818,0.109,0.9172,1
2264,27.1775,0,0.913,0.087,0.5267,0
2265,27.129999,0.022,0.92,0.058,0.8063,0
2266,26.945,0,0.966,0.034,0.4767,1
2267,27.407499,0.045,0.839,0.116,0.964,0
2268,27.275,0.128,0.798,0.073,-0.9604,1
2269,27.307501,0.055,0.766,0.178,0.9937,0
2270,27.192499,0.056,0.908,0.037,-0.7854,1
2271,27.215,0.067,0.859,0.074,0.2023,0
2272,27.147499,0.038,0.819,0.143,0.9872,1
2273,27.1425,0.053,0.831,0.116,0.9669,0
2274,26.8475,0.115,0.776,0.11,-0.4601,1
2275,26.852501,0.061,0.878,0.061,-0.2263,0
2276,26.924999,0.059,0.89,0.051,-0.1531,1
2277,26.975,0.033,0.907,0.06,0.8485,0
2278,26.8125,0.024,0.885,0.091,0.9647,0
2279,26.16,0.172,0.703,0.124,-0.9663,0
2280,25.6625,0.052,0.859,0.089,0.9493,1
2281,26.877501,0.065,0.805,0.13,0.9761,1
2282,27.182501,0.059,0.881,0.061,-0.0772,1
2283,28.465,0.032,0.839,0.129,0.9892,1
2284,28.780001,0.04,0.855,0.105,0.9829,0
2285,28.797501,0.091,0.843,0.065,-0.7402,0
2286,28.4625,0.038,0.854,0.108,0.9765,0
2287,28.5875,0.03,0.863,0.107,0.9782,1
2288,28.605,0.057,0.795,0.149,0.9883,0
2289,28.25,0.082,0.811,0.107,0.6025,1
2290,28.1775,0.059,0.891,0.05,-0.1796,0
2291,28.264999,0.04,0.899,0.06,0.5423,0
2292,28.35,0.053,0.834,0.113,0.9796,0
2293,28.424999,0.075,0.842,0.083,-0.2023,1
2294,28.577499,0.069,0.871,0.06,-0.6033,0
2295,28.754999,0.121,0.774,0.106,-0.8641,1
2296,29.424999,0.079,0.806,0.114,0.8804,0
2297,29.3375,0.109,0.803,0.088,-0.6953,0
2298,29.1975,0.12,0.794,0.086,-0.507,1
2299,29.469999,0.035,0.839,0.126,0.9686,0
2300,29.3325,0,0.854,0.146,0.6486,1
2301,29.3125,0.022,0.882,0.096,0.9281,0
2302,29.215,0.047,0.863,0.091,0.7003,1
2303,29.275,0.051,0.863,0.086,0.9009,1
2304,29.487499,0.091,0.875,0.035,-0.8655,1
2305,28.577499,0.016,0.877,0.107,0.9797,1
2306,28.8475,0.031,0.904,0.065,0.8388,0
2307,28.365,0.016,0.89,0.094,0.9501,0
2308,27.85,0.068,0.871,0.062,-0.2023,1
2309,27.745001,0.056,0.788,0.157,0.9834,0
2310,27.1325,0.081,0.868,0.051,-0.4098,1
2311,27.577499,0.048,0.838,0.114,0.9527,1
2312,27.469999,0.036,0.909,0.055,0.4606,1
2313,27.772499,0.068,0.76,0.172,0.9865,0
2314,26.780001,0.039,0.871,0.09,0.8466,1
2315,26.9275,0.059,0.837,0.104,0.9186,0
2316,26.6425,0.034,0.946,0.021,-0.4019,1
2317,26.674999,0.073,0.713,0.214,0.9869,1
2318,27.452499,0.031,0.882,0.086,0.9231,1
2319,27.43,0.052,0.847,0.101,0.7932,1
2320,27.530001,0.106,0.797,0.097,-0.6908,1
2321,27.987499,0.13,0.786,0.084,-0.8885,0
2322,27.782499,0.115,0.885,0,-0.899,1
