,neg,neu,pos,compound,Open,label
1,0.218,0.705,0.078,-0.9972,12210.12988,1
2,0.212,0.748,0.04,-0.9943,12277.70996,1
3,0.167,0.732,0.101,-0.9728,12286.33984,0
4,0.15,0.77,0.08,-0.9681,12089.62988,1
5,0.188,0.731,0.081,-0.9952,12144.58984,1
8,0.196,0.733,0.072,-0.9899,12306.86035,0
9,0.193,0.75,0.056,-0.9886,12269.65039,0
10,0.208,0.743,0.05,-0.9954,12158.67969,0
11,0.148,0.773,0.08,-0.9772,12029.05957,1
12,0.291,0.66,0.049,-0.9976,12062.19043,0
15,0.128,0.82,0.051,-0.9868,11843.83008,0
16,0.216,0.69,0.095,-0.9948,11842.36035,0
17,0.164,0.778,0.058,-0.9916,11805.30957,1
18,0.199,0.768,0.033,-0.9956,11808.57031,0
19,0.171,0.75,0.079,-0.992,11452.84961,0
22,0.109,0.812,0.079,-0.9065,11345.7002,1
23,0.174,0.697,0.129,-0.9545,11344.63965,1
24,0.172,0.764,0.064,-0.9904,11382.33984,0
25,0.23,0.715,0.055,-0.9959,11216,1
29,0.218,0.709,0.072,-0.994,11289.19043,0
30,0.164,0.734,0.102,-0.9697,11225.03027,1
31,0.237,0.727,0.036,-0.996,11381.92969,0
32,0.184,0.765,0.051,-0.9879,11148.00977,1
33,0.124,0.756,0.12,0.2957,11226.16992,0
36,0.184,0.743,0.073,-0.9873,11103.63965,0
37,0.091,0.879,0.03,-0.8756,11050.79981,0
38,0.178,0.74,0.082,-0.9877,10961.88965,1
39,0.169,0.727,0.104,-0.9757,11238.38965,1
40,0.141,0.78,0.079,-0.9622,11436.55957,1
43,0.195,0.742,0.063,-0.9957,11495.01953,0
44,0.197,0.757,0.046,-0.9928,11457.90039,1
45,0.13,0.834,0.036,-0.983,11603.38965,1
46,0.165,0.794,0.041,-0.9899,11630.33984,0
47,0.107,0.823,0.07,-0.9339,11341.13965,1
50,0.214,0.769,0.017,-0.9945,11369.46973,0
51,0.204,0.755,0.041,-0.9955,11133.44043,1
52,0.214,0.747,0.039,-0.9951,11397.55957,1
53,0.181,0.77,0.048,-0.9869,11577.99023,0
54,0.191,0.696,0.114,-0.9823,11379.88965,0
57,0.153,0.785,0.062,-0.978,11326.32031,0
58,0.112,0.846,0.042,-0.9638,11286.01953,1
59,0.177,0.767,0.056,-0.9921,11603.63965,1
60,0.143,0.793,0.063,-0.9843,11655.41992,0
61,0.214,0.724,0.062,-0.9966,11432.08984,1
64,0.148,0.761,0.091,-0.9457,11729.66992,1
65,0.139,0.805,0.056,-0.9739,11781.7002,0
66,0.146,0.797,0.058,-0.9805,11632.80957,0
67,0.185,0.723,0.092,-0.9831,11532.07031,1
68,0.165,0.775,0.059,-0.9856,11611.20996,1
71,0.224,0.734,0.042,-0.9938,11659.65039,0
72,0.24,0.704,0.056,-0.9959,11478.08984,0
73,0.186,0.766,0.048,-0.9917,11345.94043,1
74,0.161,0.763,0.076,-0.9867,11415.23047,1
75,0.131,0.786,0.082,-0.9515,11426.79004,1
78,0.267,0.721,0.012,-0.9974,11626.19043,0
79,0.194,0.744,0.062,-0.9844,11383.55957,1
80,0.171,0.775,0.054,-0.9878,11412.45996,1
81,0.129,0.755,0.116,-0.7269,11499.87012,1
82,0.108,0.817,0.075,-0.8736,11713.23047,0
86,0.216,0.737,0.046,-0.9948,11545.62988,0
87,0.148,0.785,0.067,-0.974,11506.00977,1
88,0.185,0.723,0.093,-0.9861,11532.48047,0
89,0.224,0.692,0.084,-0.9956,11185.62988,1
92,0.225,0.728,0.047,-0.9958,11224.87012,1
93,0.173,0.763,0.064,-0.99,11514.73047,0
94,0.222,0.737,0.04,-0.9947,11233.91016,1
95,0.145,0.776,0.078,-0.9417,11264.44043,1
96,0.13,0.835,0.034,-0.9807,11429.32031,0
99,0.189,0.734,0.077,-0.9885,11416.37012,0
100,0.214,0.726,0.06,-0.996,10905.62012,1
101,0.203,0.778,0.018,-0.9923,11056.58008,0
102,0.22,0.744,0.036,-0.9944,10609.00977,1
103,0.253,0.714,0.033,-0.9949,11027.50977,1
106,0.218,0.717,0.066,-0.9957,11394.41992,0
107,0.188,0.739,0.073,-0.9865,11015.69043,0
108,0.259,0.708,0.033,-0.9975,10850.01953,0
109,0.161,0.83,0.008,-0.9879,10827.16992,1
110,0.17,0.802,0.028,-0.9881,11019.04004,1
113,0.188,0.731,0.08,-0.987,11139.62012,0
114,0.189,0.714,0.097,-0.9815,10371.58008,1
115,0.186,0.724,0.09,-0.9892,10847.40039,0
116,0.154,0.757,0.088,-0.9738,10825.54004,0
117,0.135,0.81,0.055,-0.9824,10483.95996,0
120,0.139,0.775,0.086,-0.9068,10322.51953,0
121,0.104,0.835,0.061,-0.9417,9955.419922,0
122,0.185,0.752,0.063,-0.9932,9437.230469,0
123,0.221,0.734,0.045,-0.9974,9261.69043,0
124,0.132,0.798,0.07,-0.9813,8568.669922,0
127,0.146,0.76,0.094,-0.9372,8462.419922,1
128,0.181,0.752,0.066,-0.993,9388.969727,0
129,0.158,0.797,0.045,-0.9906,9301.910156,0
130,0.123,0.8,0.077,-0.9404,8577.040039,1
131,0.17,0.774,0.056,-0.9918,8975.349609,0
134,0.193,0.717,0.09,-0.9852,8852.299805,1
135,0.149,0.746,0.106,-0.9626,9262.799805,0
136,0.133,0.813,0.054,-0.9864,9027.839844,0
137,0.184,0.733,0.083,-0.9876,8519.769531,1
138,0.233,0.691,0.076,-0.9953,8683.209961,0
141,0.219,0.724,0.057,-0.9956,8375.919922,0
142,0.19,0.785,0.024,-0.9936,8178.720215,1
143,0.184,0.716,0.1,-0.9854,9062.330078,0
144,0.231,0.717,0.053,-0.9965,9004.660156,1
145,0.255,0.647,0.097,-0.9907,9179.089844,1
148,0.176,0.769,0.055,-0.9928,9326.040039,0
149,0.155,0.768,0.077,-0.9853,9323.889648,1
150,0.19,0.712,0.098,-0.9885,9616.599609,0
151,0.195,0.746,0.059,-0.993,9134.009766,0
152,0.2,0.729,0.071,-0.9903,8696.030273,1
155,0.175,0.74,0.085,-0.9815,8946.599609,0
156,0.232,0.715,0.052,-0.9956,8864.320313,0
157,0.115,0.856,0.03,-0.9734,8684.519531,0
158,0.169,0.745,0.086,-0.9853,8281.139648,1
159,0.174,0.744,0.083,-0.9912,8822.19043,0
162,0.162,0.782,0.056,-0.9819,8494.839844,0
163,0.194,0.763,0.043,-0.9951,8273.339844,1
164,0.103,0.766,0.131,0.8147,8420.69043,0
165,0.097,0.812,0.091,-0.7044,7995.529785,0
166,0.155,0.795,0.05,-0.9865,7552.370117,1
169,0.182,0.765,0.053,-0.9918,8048.089844,1
170,0.217,0.736,0.047,-0.9954,8445.139648,1
171,0.177,0.771,0.052,-0.9878,8464.490234,1
173,0.136,0.809,0.055,-0.9867,8724.700195,1
176,0.15,0.767,0.083,-0.963,8826.889648,0
177,0.231,0.686,0.083,-0.9973,8153.75,1
178,0.197,0.708,0.095,-0.9925,8409.139648,1
179,0.19,0.722,0.087,-0.9843,8587.070313,0
180,0.242,0.697,0.061,-0.9967,8376.080078,1
183,0.135,0.808,0.057,-0.9656,8637.650391,1
184,0.185,0.738,0.077,-0.9906,8934.099609,0
185,0.222,0.678,0.099,-0.9929,8693,1
186,0.152,0.794,0.054,-0.9891,8750.129883,0
187,0.256,0.708,0.037,-0.9971,8563.099609,1
190,0.11,0.843,0.047,-0.9623,8628.80957,0
191,0.185,0.748,0.067,-0.9924,8565.650391,1
192,0.132,0.802,0.066,-0.935,8921.910156,0
193,0.191,0.751,0.059,-0.9912,8823.94043,0
194,0.18,0.759,0.06,-0.9935,8606.5,0
197,0.232,0.699,0.069,-0.9961,8573.370117,0
198,0.132,0.79,0.078,-0.9202,8518.650391,0
199,0.19,0.713,0.097,-0.9835,8416.860352,1
201,0.165,0.757,0.078,-0.989,8468.709961,1
204,0.173,0.75,0.077,-0.982,8515.870117,0
205,0.207,0.701,0.092,-0.9952,8487.509766,1
206,0.146,0.784,0.071,-0.9716,8666.480469,1
208,0.186,0.743,0.071,-0.9885,8772.25,1
211,0.205,0.743,0.052,-0.9961,9027.129883,0
212,0.158,0.774,0.068,-0.9861,8954.570313,1
213,0.175,0.77,0.055,-0.9956,8996.94043,0
214,0.2,0.769,0.03,-0.996,8769.94043,0
215,0.146,0.82,0.034,-0.9938,8738.799805,0
218,0.142,0.796,0.062,-0.9872,8599.259766,0
219,0.176,0.782,0.042,-0.9949,8474.610352,0
220,0.227,0.695,0.078,-0.9967,8446.009766,0
221,0.129,0.804,0.067,-0.9738,8196.240234,1
222,0.211,0.73,0.059,-0.9975,8215.669922,1
226,0.275,0.673,0.052,-0.9976,8279.629883,0
227,0.175,0.748,0.076,-0.987,7949.169922,1
228,0.173,0.761,0.066,-0.9892,8224.429688,0
229,0.197,0.728,0.074,-0.9897,8108.790039,0
232,0.186,0.75,0.064,-0.9946,8078.040039,1
233,0.184,0.75,0.066,-0.9944,8117.390137,1
234,0.196,0.754,0.049,-0.9925,8175.930176,1
235,0.099,0.851,0.049,-0.9686,8373.05957,0
236,0.139,0.801,0.06,-0.9779,8149.009766,0
239,0.131,0.767,0.102,-0.9136,8000.620117,0
240,0.194,0.718,0.088,-0.9929,7936.990234,1
241,0.154,0.782,0.064,-0.979,8070.319824,0
242,0.141,0.741,0.118,-0.9149,7954.830078,1
243,0.189,0.765,0.046,-0.9961,8056.379883,1
246,0.18,0.779,0.041,-0.9939,8281.379883,0
247,0.182,0.746,0.072,-0.9914,8269.360352,0
248,0.196,0.739,0.064,-0.9973,7887.049805,1
249,0.145,0.804,0.051,-0.9838,7931.970215,1
250,0.171,0.793,0.036,-0.994,7933,0
254,0.196,0.767,0.037,-0.9942,7845.629883,0
255,0.143,0.793,0.064,-0.9792,7546.350098,1
256,0.176,0.741,0.083,-0.9798,7555.22998,0
257,0.181,0.744,0.075,-0.9846,7461.490234,0
260,0.161,0.77,0.069,-0.9865,7365.990234,0
261,0.177,0.715,0.109,-0.9867,7115.339844,1
262,0.21,0.727,0.062,-0.997,7349.580078,0
263,0.165,0.744,0.091,-0.989,7269.060059,0
264,0.165,0.794,0.041,-0.9925,7180.970215,0
267,0.178,0.808,0.015,-0.9946,7056.47998,0
268,0.136,0.812,0.052,-0.9754,6764.810059,0
269,0.243,0.703,0.054,-0.997,6726.5,1
270,0.175,0.788,0.037,-0.9957,6874.009766,0
271,0.159,0.777,0.065,-0.9895,6595.160156,1
274,0.149,0.78,0.071,-0.9795,6625.740234,0
275,0.155,0.791,0.053,-0.9894,6547.009766,1
276,0.252,0.712,0.036,-0.9965,6923.129883,1
277,0.208,0.729,0.063,-0.9939,6932.390137,1
278,0.176,0.766,0.058,-0.9924,7167.350098,1
281,0.134,0.817,0.049,-0.9887,7225.330078,0
282,0.212,0.74,0.048,-0.9972,7218,1
283,0.17,0.769,0.061,-0.9901,7395.700195,1
284,0.167,0.757,0.076,-0.9721,7489.680176,0
285,0.187,0.779,0.034,-0.9972,7402.310059,0
288,0.193,0.702,0.105,-0.9935,7279.25,1
289,0.193,0.754,0.053,-0.996,7773.470215,0
290,0.245,0.706,0.049,-0.9979,7659.810059,1
291,0.206,0.711,0.083,-0.9922,7752.359863,1
292,0.196,0.726,0.078,-0.9928,7922.569824,0
294,0.107,0.861,0.032,-0.9818,7773.310059,0
295,0.151,0.786,0.063,-0.9902,7523.77002,1
296,0.142,0.791,0.067,-0.9765,7606.129883,1
297,0.203,0.726,0.071,-0.9926,7763.990234,1
298,0.14,0.809,0.05,-0.992,7980.629883,1
301,0.202,0.752,0.046,-0.9955,8016.160156,0
302,0.22,0.752,0.028,-0.9981,7968.919922,0
303,0.135,0.813,0.052,-0.9774,7788.680176,1
304,0.169,0.793,0.038,-0.9949,7839.890137,1
308,0.162,0.79,0.049,-0.9881,8082.02002,0
309,0.16,0.795,0.046,-0.9933,8057.410156,0
310,0.175,0.758,0.068,-0.9879,7914.919922,1
311,0.181,0.779,0.04,-0.9948,8029.140137,1
312,0.199,0.718,0.083,-0.9917,8125.430176,1
315,0.152,0.797,0.051,-0.9917,8128.939941,0
316,0.185,0.751,0.064,-0.9945,7841.72998,1
317,0.093,0.863,0.043,-0.9333,7964.779785,0
318,0.177,0.724,0.099,-0.9911,7886.810059,1
319,0.179,0.739,0.082,-0.9873,7957.450195,1
322,0.108,0.847,0.045,-0.9675,8073.819824,0
323,0.199,0.721,0.08,-0.9944,8023.560059,0
324,0.129,0.803,0.068,-0.9725,8018.310059,1
325,0.196,0.77,0.034,-0.9951,8188.509766,0
326,0.15,0.784,0.066,-0.9939,8167.410156,1
329,0.147,0.776,0.077,-0.9877,8213.599609,1
330,0.2,0.756,0.045,-0.9956,8425.549805,0
331,0.195,0.729,0.077,-0.9931,8403.480469,1
332,0.148,0.801,0.052,-0.9878,8512.280273,0
333,0.227,0.713,0.06,-0.9979,8410.730469,1
336,0.121,0.809,0.07,-0.9445,8569.230469,0
337,0.122,0.803,0.075,-0.9743,8419.169922,1
338,0.175,0.742,0.083,-0.995,8461.799805,0
339,0.186,0.739,0.076,-0.988,8285.919922,1
340,0.093,0.829,0.078,-0.2756,8326.219727,0
343,0.164,0.779,0.057,-0.9917,8270.150391,1
344,0.114,0.824,0.062,-0.9713,8502.480469,0
345,0.242,0.726,0.032,-0.9979,8471.820313,0
346,0.211,0.747,0.042,-0.9959,8416.070313,0
347,0.189,0.738,0.072,-0.9956,8292.209961,0
351,0.104,0.836,0.061,-0.9662,8277.320313,1
352,0.14,0.783,0.077,-0.9761,8473.650391,0
353,0.14,0.774,0.086,-0.9772,8300.5,1
354,0.155,0.785,0.06,-0.9931,8404.040039,1
357,0.161,0.768,0.071,-0.9877,8501.530273,1
358,0.083,0.873,0.044,-0.9698,8721.599609,1
359,0.11,0.82,0.069,-0.9453,8740.070313,0
360,0.111,0.803,0.085,-0.7754,8675.280273,1
361,0.095,0.824,0.081,-0.2278,8751.75,1
364,0.174,0.754,0.073,-0.9902,8759.349609,1
365,0.257,0.709,0.035,-0.9974,8764.830078,0
366,0.174,0.767,0.058,-0.9963,8763.660156,0
367,0.154,0.733,0.113,-0.9706,8736.230469,1
368,0.16,0.763,0.077,-0.983,8770.009766,1
371,0.176,0.781,0.043,-0.9973,8798.5,0
372,0.166,0.744,0.09,-0.9736,8612.44043,0
373,0.157,0.786,0.058,-0.9916,8504.360352,0
374,0.148,0.776,0.076,-0.9925,8496.730469,1
375,0.212,0.701,0.087,-0.9958,8556.959961,0
378,0.117,0.784,0.099,-0.9397,8538.519531,0
379,0.245,0.689,0.066,-0.9967,8340.44043,0
380,0.186,0.753,0.061,-0.9957,8323.509766,0
381,0.136,0.775,0.089,-0.9741,8299.25,1
382,0.181,0.779,0.04,-0.9945,8468.540039,0
385,0.145,0.827,0.028,-0.9926,8440.129883,1
386,0.159,0.72,0.121,-0.9504,8528.929688,0
387,0.118,0.838,0.044,-0.9818,8447.530273,1
388,0.163,0.767,0.07,-0.9818,8503,0
392,0.277,0.685,0.038,-0.998,8280.740234,1
393,0.198,0.738,0.064,-0.9953,8324.950195,0
394,0.199,0.736,0.065,-0.9977,8163.600098,1
395,0.153,0.807,0.04,-0.9869,8179.009766,1
396,0.215,0.736,0.049,-0.9969,8182.490234,0
399,0.141,0.815,0.044,-0.9921,8146.52002,1
400,0.254,0.697,0.048,-0.9982,8331.370117,1
401,0.279,0.671,0.049,-0.9987,8363.950195,1
402,0.142,0.798,0.06,-0.983,8612.660156,1
403,0.207,0.722,0.07,-0.9953,8711.889648,1
406,0.173,0.725,0.102,-0.988,8746.049805,1
407,0.116,0.841,0.043,-0.9828,8848.150391,1
408,0.096,0.826,0.078,-0.8414,8912.389648,0
409,0.179,0.789,0.032,-0.9954,8882.30957,1
410,0.128,0.825,0.046,-0.9866,9066.110352,1
413,0.179,0.725,0.095,-0.9911,9093.089844,1
414,0.266,0.634,0.1,-0.9989,9106.919922,0
415,0.164,0.763,0.073,-0.9965,9092.339844,0
416,0.175,0.765,0.059,-0.9963,9072.839844,1
417,0.145,0.793,0.062,-0.9926,9154.610352,1
420,0.077,0.87,0.052,-0.8904,9173.650391,1
421,0.142,0.82,0.037,-0.9931,9285.049805,1
422,0.15,0.809,0.041,-0.9903,9315.360352,0
423,0.111,0.824,0.065,-0.9727,9277.19043,0
424,0.204,0.725,0.071,-0.995,9258.450195,1
427,0.162,0.796,0.042,-0.9963,9368.410156,0
428,0.184,0.76,0.055,-0.9957,9334.330078,0
429,0.09,0.825,0.085,-0.7783,9236.05957,1
430,0.131,0.831,0.039,-0.9936,9362.290039,1
431,0.155,0.779,0.065,-0.9882,9398.040039,0
434,0.175,0.775,0.05,-0.9966,9313.849609,0
435,0.116,0.794,0.09,-0.9471,9134.360352,1
436,0.165,0.76,0.075,-0.9962,9208.679688,1
437,0.096,0.845,0.059,-0.9531,9278.549805,1
438,0.196,0.733,0.071,-0.9976,9347.860352,1
441,0.121,0.829,0.05,-0.9894,9506.179688,1
442,0.131,0.793,0.076,-0.9711,9509.209961,1
443,0.195,0.729,0.076,-0.9927,9538.610352,1
444,0.153,0.796,0.051,-0.9931,9541.629883,1
445,0.14,0.767,0.093,-0.9739,9582.740234,0
448,0.153,0.801,0.046,-0.994,9542.910156,0
449,0.122,0.829,0.049,-0.9887,9492.320313,0
450,0.158,0.742,0.1,-0.9803,9306.209961,0
451,0.131,0.799,0.07,-0.98,9282.030273,1
452,0.144,0.805,0.051,-0.9917,9345.360352,1
456,0.134,0.785,0.081,-0.9786,9440.129883,1
457,0.13,0.804,0.066,-0.986,9496.589844,1
458,0.124,0.816,0.06,-0.9935,9546.540039,1
459,0.137,0.792,0.071,-0.9916,9625.44043,0
462,0.105,0.818,0.077,-0.9689,9598.080078,1
463,0.076,0.831,0.093,0.6246,9626.419922,1
464,0.119,0.802,0.079,-0.9496,9683.709961,1
465,0.207,0.74,0.053,-0.9983,9789.820313,0
466,0.121,0.809,0.071,-0.9517,9784.75,1
469,0.109,0.842,0.049,-0.9811,9818.610352,0
470,0.116,0.794,0.091,-0.8923,9779.610352,1
471,0.129,0.786,0.084,-0.9775,9830.629883,0
472,0.146,0.788,0.066,-0.9952,9749.990234,0
473,0.104,0.805,0.091,-0.8527,9706.679688,0
476,0.138,0.767,0.095,-0.9154,9663.230469,1
477,0.183,0.749,0.069,-0.9967,9789.740234,0
478,0.174,0.787,0.039,-0.9972,9741.830078,0
479,0.148,0.77,0.082,-0.9829,9711.599609,0
480,0.146,0.793,0.061,-0.9903,9507.620117,0
483,0.169,0.753,0.078,-0.996,9488.730469,1
484,0.161,0.77,0.069,-0.9947,9601.259766,1
485,0.272,0.664,0.063,-0.9994,9725.69043,0
486,0.148,0.767,0.085,-0.9889,9728.219727,1
487,0.109,0.806,0.085,-0.4897,9786.040039,1
490,0.133,0.834,0.033,-0.9943,9865.240234,1
491,0.205,0.712,0.083,-0.9949,9883.980469,0
492,0.163,0.782,0.055,-0.9939,9873.549805,1
493,0.142,0.754,0.104,-0.961,10014.87988,1
494,0.139,0.773,0.087,-0.9866,10061.36035,0
497,0.117,0.822,0.061,-0.9879,9996.669922,1
498,0.077,0.819,0.104,0.7564,10092.41992,0
499,0.08,0.844,0.076,-0.5838,10038.83984,0
500,0.166,0.766,0.068,-0.9948,9946.179688,1
501,0.096,0.832,0.072,-0.8997,10099.90039,0
504,0.177,0.771,0.052,-0.9962,9972.330078,0
505,0.192,0.754,0.054,-0.9976,9868.339844,1
506,0.192,0.735,0.073,-0.9967,9881.110352,0
507,0.122,0.804,0.074,-0.9807,9762.910156,1
508,0.144,0.783,0.073,-0.9873,9961.519531,0
511,0.109,0.801,0.09,-0.9189,9712.129883,1
512,0.111,0.824,0.065,-0.9876,9787.469727,0
513,0.169,0.75,0.081,-0.9942,9767.299805,1
514,0.229,0.733,0.037,-0.9968,9807.799805,1
515,0.142,0.771,0.087,-0.9852,10001.34961,1
518,0.11,0.793,0.097,-0.8549,10020.62012,1
519,0.135,0.788,0.076,-0.9857,10223.00977,1
520,0.13,0.787,0.083,-0.9793,10247.41992,1
521,0.171,0.79,0.039,-0.9964,10289.82031,0
522,0.143,0.791,0.066,-0.9947,10197.84961,1
525,0.203,0.749,0.049,-0.9972,10267.53027,1
526,0.126,0.774,0.1,-0.949,10404.76953,1
527,0.165,0.774,0.061,-0.9929,10426.26953,1
528,0.116,0.805,0.079,-0.9478,10425.33008,0
529,0.174,0.777,0.049,-0.9964,10327.91016,0
532,0.296,0.684,0.021,-0.9994,10320.12988,1
533,0.186,0.762,0.052,-0.9973,10451.25,0
534,0.172,0.755,0.074,-0.9918,10432.95996,1
536,0.141,0.774,0.086,-0.9764,10452.23047,0
539,0.182,0.739,0.079,-0.9944,10309.76953,1
540,0.155,0.764,0.081,-0.9922,10343.82031,1
541,0.219,0.754,0.027,-0.9987,10470.44043,0
542,0.166,0.757,0.077,-0.99,10455.62988,0
543,0.111,0.86,0.029,-0.9864,10368.57031,1
546,0.156,0.766,0.077,-0.9907,10386.86035,1
547,0.128,0.815,0.057,-0.9809,10385.41992,0
548,0.165,0.739,0.096,-0.9877,10282.84961,1
549,0.192,0.746,0.062,-0.9962,10336,1
550,0.137,0.808,0.055,-0.9897,10403.41016,1
553,0.248,0.698,0.054,-0.9988,10471.28027,1
554,0.282,0.659,0.059,-0.9993,10499.30957,0
555,0.193,0.749,0.059,-0.9965,10449.80957,0
556,0.16,0.771,0.069,-0.9959,10439.99023,0
557,0.205,0.708,0.087,-0.995,10309.38965,1
560,0.209,0.71,0.081,-0.9966,10330.09961,1
561,0.199,0.696,0.105,-0.9959,10414.66992,1
562,0.169,0.738,0.093,-0.9894,10464.32031,1
563,0.153,0.782,0.064,-0.991,10467.12012,1
567,0.095,0.803,0.102,0.4717,10517.91016,1
568,0.122,0.817,0.061,-0.9612,10547.83008,0
569,0.228,0.674,0.098,-0.9969,10544.36035,1
570,0.188,0.775,0.036,-0.998,10548.50977,0
574,0.111,0.818,0.071,-0.9564,10430.69043,1
575,0.176,0.778,0.046,-0.9938,10584.55957,0
576,0.144,0.801,0.055,-0.9939,10564.71973,1
577,0.103,0.779,0.118,0.8805,10571.11035,1
578,0.187,0.758,0.055,-0.9949,10606.40039,1
581,0.161,0.782,0.057,-0.9964,10620.30957,1
582,0.133,0.798,0.069,-0.9896,10662.86035,0
583,0.183,0.724,0.094,-0.9946,10628.08984,1
584,0.143,0.787,0.07,-0.9871,10680.16016,1
585,0.143,0.775,0.082,-0.9804,10706.99023,0
589,0.172,0.785,0.044,-0.9935,10608.37012,1
590,0.12,0.773,0.107,-0.9445,10719.69043,0
591,0.157,0.791,0.052,-0.9969,10603.91016,0
592,0.152,0.772,0.076,-0.9933,10389.58008,0
595,0.153,0.782,0.066,-0.9914,10175.09961,1
596,0.184,0.766,0.05,-0.9969,10195.34961,0
597,0.109,0.824,0.067,-0.9609,10194.29004,1
598,0.167,0.781,0.052,-0.9964,10236.91992,0
599,0.169,0.788,0.043,-0.994,10122.04004,0
602,0.128,0.822,0.049,-0.9872,10068.99023,1
603,0.133,0.771,0.096,-0.9485,10186.12988,1
604,0.157,0.772,0.072,-0.9919,10291.73047,0
605,0.164,0.77,0.066,-0.9952,10273.12012,0
606,0.104,0.748,0.147,0.9184,10003.69043,1
609,0.142,0.814,0.044,-0.9941,10005.42969,0
610,0.158,0.799,0.044,-0.9967,9910.280273,1
611,0.173,0.737,0.09,-0.9912,10055.45996,0
612,0.173,0.733,0.094,-0.989,10037.84961,1
613,0.189,0.723,0.088,-0.9896,10137.23047,0
617,0.244,0.723,0.034,-0.9984,10100.80957,1
618,0.173,0.759,0.068,-0.9963,10261.48047,1
619,0.137,0.825,0.038,-0.9918,10309.38965,1
620,0.212,0.74,0.048,-0.9965,10387.76953,1
623,0.138,0.826,0.036,-0.9886,10402.42969,0
624,0.183,0.751,0.066,-0.9951,10383.16016,0
625,0.115,0.83,0.056,-0.9695,10284,1
626,0.126,0.816,0.058,-0.9674,10366.59961,0
627,0.066,0.873,0.061,-0.7205,10321.41016,1
630,0.216,0.735,0.049,-0.9984,10326.09961,1
631,0.169,0.758,0.072,-0.994,10404.16016,1
632,0.194,0.747,0.06,-0.996,10406.28027,0
633,0.125,0.805,0.07,-0.9727,10396.53027,1
634,0.15,0.754,0.096,-0.966,10445.12988,1
637,0.147,0.783,0.07,-0.9899,10563.78027,0
638,0.152,0.735,0.113,-0.9765,10552.24023,1
639,0.196,0.67,0.134,-0.9872,10560.12988,1
640,0.148,0.774,0.078,-0.9788,10560.98047,1
641,0.136,0.803,0.06,-0.9897,10611.76953,1
644,0.107,0.806,0.086,-0.9005,10623.41016,1
645,0.162,0.775,0.063,-0.9951,10642.53027,1
646,0.18,0.742,0.077,-0.9909,10686.36035,1
647,0.144,0.778,0.078,-0.9867,10733.44043,1
648,0.199,0.735,0.067,-0.9975,10780,0
651,0.126,0.821,0.053,-0.9917,10741,1
652,0.213,0.72,0.068,-0.9981,10787.17969,1
653,0.172,0.776,0.053,-0.9964,10887.62012,0
654,0.195,0.726,0.079,-0.9969,10837.50977,1
655,0.207,0.727,0.066,-0.9947,10841.29004,1
657,0.186,0.768,0.047,-0.9955,10849.23047,1
658,0.183,0.75,0.066,-0.9963,10895.01953,1
659,0.224,0.746,0.03,-0.9979,10907.33984,0
660,0.174,0.753,0.074,-0.9918,10857.30957,1
664,0.165,0.774,0.062,-0.9941,10927.4502,1
665,0.21,0.741,0.049,-0.9984,10972.49023,0
666,0.188,0.712,0.101,-0.993,10961.9502,0
667,0.163,0.757,0.08,-0.9928,10896.99023,1
668,0.192,0.716,0.092,-0.9957,10926.91992,1
671,0.181,0.719,0.1,-0.9923,10996.75,1
672,0.157,0.765,0.078,-0.9818,11006.71973,1
673,0.095,0.841,0.064,-0.9217,11020.7002,1
674,0.174,0.717,0.109,-0.9908,11122.95996,1
675,0.193,0.772,0.035,-0.9974,11143.66016,0
678,0.129,0.814,0.057,-0.9904,11018.36035,1
679,0.179,0.752,0.069,-0.9931,11093.11035,1
680,0.187,0.753,0.061,-0.9965,11116.91016,1
681,0.105,0.818,0.078,-0.96,11119.78027,1
682,0.156,0.791,0.053,-0.9924,11132.17969,1
685,0.116,0.822,0.063,-0.9604,11205.11035,0
686,0.102,0.806,0.092,-0.471,11203.66992,0
687,0.152,0.771,0.077,-0.9934,10988.87012,1
688,0.239,0.699,0.062,-0.9984,11045.63965,1
689,0.171,0.773,0.056,-0.996,11168.23047,0
692,0.139,0.766,0.095,-0.9506,11009.59961,1
693,0.175,0.745,0.08,-0.9914,11149.48047,0
694,0.19,0.745,0.065,-0.9958,10918.40039,0
695,0.143,0.767,0.09,-0.9819,10868.12012,0
696,0.155,0.776,0.069,-0.9908,10519.41992,0
699,0.158,0.747,0.095,-0.9897,10386.17969,1
700,0.254,0.659,0.086,-0.9979,10780,0
701,0.176,0.765,0.058,-0.9965,10742.15039,1
702,0.165,0.784,0.05,-0.9957,10896.61035,0
703,0.21,0.74,0.05,-0.9973,10780.67969,0
706,0.132,0.805,0.062,-0.9823,10616.98047,1
707,0.104,0.834,0.062,-0.9659,10625.4502,0
708,0.192,0.747,0.06,-0.9975,10505.7002,0
709,0.159,0.798,0.044,-0.9932,10440.20996,0
710,0.155,0.814,0.031,-0.994,10063.92969,1
713,0.141,0.812,0.047,-0.9932,10193.45996,0
714,0.194,0.74,0.065,-0.9973,10061.42969,0
715,0.123,0.827,0.05,-0.9882,10045.11035,0
716,0.151,0.713,0.136,-0.9294,9971.730469,1
717,0.168,0.786,0.046,-0.9961,10258,0
721,0.131,0.803,0.066,-0.9865,10133.94043,0
722,0.192,0.747,0.061,-0.9978,10025.61035,1
723,0.119,0.825,0.057,-0.9774,10250.66992,1
724,0.216,0.73,0.055,-0.9989,10249.61035,0
727,0.135,0.856,0.009,-0.995,9931.75,0
728,0.175,0.79,0.035,-0.9952,9812.94043,1
729,0.141,0.787,0.072,-0.9928,9941.570313,0
730,0.192,0.728,0.08,-0.9964,9901.669922,1
731,0.129,0.796,0.076,-0.9745,10166.78027,1
734,0.103,0.816,0.081,-0.9146,10211.83008,0
735,0.191,0.764,0.044,-0.9979,10192.40039,1
736,0.172,0.785,0.043,-0.9964,10404.24023,1
737,0.163,0.728,0.109,-0.9835,10409.98047,1
738,0.148,0.794,0.058,-0.996,10435,1
741,0.139,0.795,0.066,-0.9915,10452.45996,0
742,0.145,0.795,0.06,-0.9944,10441.9502,0
743,0.119,0.816,0.065,-0.9748,10293.29981,1
744,0.146,0.766,0.089,-0.9777,10297.08008,0
745,0.147,0.746,0.107,-0.9549,10153.48047,0
748,0.137,0.798,0.064,-0.9898,10143.04981,0
749,0.155,0.783,0.063,-0.9909,10135.71973,0
750,0.206,0.732,0.062,-0.9971,9868.339844,0
751,0.127,0.783,0.09,-0.9575,9773.269531,0
752,0.216,0.71,0.074,-0.9981,9732.530273,0
756,0.133,0.8,0.067,-0.9794,9686.480469,1
757,0.175,0.759,0.066,-0.9948,9743.620117,1
758,0.185,0.766,0.049,-0.9959,10019.25977,1
759,0.106,0.792,0.102,0.1518,10138.99023,1
762,0.221,0.731,0.048,-0.9981,10199.24023,1
763,0.162,0.785,0.053,-0.9956,10217.54981,1
764,0.144,0.787,0.069,-0.9902,10370.95996,0
765,0.108,0.835,0.057,-0.9797,10367.09961,0
766,0.193,0.728,0.079,-0.9975,10356.2002,0
769,0.088,0.83,0.082,-0.8975,10098.12012,1
770,0.066,0.832,0.103,0.9423,10151.48047,1
771,0.235,0.729,0.036,-0.9988,10226.01953,0
772,0.141,0.768,0.092,-0.9771,10121.80957,1
773,0.193,0.716,0.09,-0.9953,10321.16016,1
776,0.163,0.763,0.075,-0.9949,10424.16992,1
777,0.208,0.679,0.113,-0.9963,10525.28027,1
778,0.232,0.705,0.063,-0.9983,10537.00977,0
779,0.127,0.828,0.045,-0.9848,10498.94043,0
780,0.169,0.81,0.022,-0.997,10465.19043,1
783,0.187,0.735,0.077,-0.9966,10468.82031,1
784,0.165,0.735,0.1,-0.9882,10673.91992,0
785,0.198,0.766,0.036,-0.9959,10630.2002,1
786,0.119,0.815,0.066,-0.9721,10679.66992,0
787,0.219,0.676,0.106,-0.9955,10668.54981,0
790,0.137,0.782,0.081,-0.9843,10654.62012,1
791,0.165,0.782,0.052,-0.9969,10696.62988,0
792,0.147,0.747,0.106,-0.9565,10631.82031,0
793,0.153,0.773,0.074,-0.989,10361.58008,0
794,0.158,0.791,0.051,-0.995,10320.33008,0
797,0.197,0.742,0.061,-0.9969,10303.07031,0
798,0.142,0.765,0.093,-0.9765,10297.62988,1
799,0.126,0.772,0.102,-0.9297,10398.58984,1
800,0.096,0.854,0.05,-0.9507,10411.15039,0
801,0.147,0.815,0.038,-0.9935,10270.98047,0
804,0.127,0.789,0.084,-0.9652,10215.50977,0
805,0.126,0.853,0.021,-0.9953,10173.04981,0
806,0.202,0.735,0.062,-0.9969,10040.15039,1
807,0.166,0.751,0.082,-0.9789,10059.90039,0
808,0.1,0.821,0.08,-0.8972,9982.179688,1
811,0.138,0.81,0.051,-0.9896,10145.58008,0
812,0.144,0.811,0.046,-0.9934,10006.41992,1
813,0.154,0.788,0.057,-0.9938,10016.00977,1
814,0.19,0.766,0.043,-0.9979,10270.08008,1
815,0.171,0.791,0.038,-0.9959,10321.91992,1
819,0.136,0.77,0.094,-0.9692,10446.79981,0
820,0.109,0.819,0.072,-0.9343,10338.49023,1
821,0.152,0.787,0.061,-0.9863,10388.13965,1
822,0.231,0.723,0.046,-0.9988,10415.00977,1
825,0.131,0.846,0.023,-0.9935,10458.59961,1
826,0.18,0.748,0.072,-0.994,10544.73047,0
827,0.141,0.803,0.056,-0.9852,10526.41992,1
828,0.133,0.782,0.085,-0.9827,10571.75,1
829,0.153,0.746,0.101,-0.9877,10595.54981,1
832,0.218,0.684,0.097,-0.9983,10608.08008,1
833,0.113,0.78,0.107,-0.8118,10753.38965,1
834,0.169,0.767,0.065,-0.9917,10761.11035,0
835,0.156,0.782,0.062,-0.9936,10738.48047,0
836,0.149,0.806,0.045,-0.9968,10664.38965,1
839,0.131,0.816,0.053,-0.9908,10860.03027,0
840,0.196,0.761,0.044,-0.9973,10809.16992,1
841,0.181,0.773,0.046,-0.9929,10857.98047,0
842,0.15,0.783,0.067,-0.9889,10836.04004,0
843,0.214,0.736,0.05,-0.9978,10789.71973,1
846,0.213,0.721,0.066,-0.998,10828.84961,0
847,0.113,0.804,0.083,-0.9531,10752.78027,1
848,0.086,0.839,0.075,-0.8487,10936.79004,1
849,0.13,0.768,0.102,-0.9557,10968.41016,0
850,0.183,0.737,0.08,-0.9939,10948.5,1
853,0.143,0.773,0.083,-0.9932,11006.92969,1
854,0.152,0.779,0.069,-0.9929,11010.79004,1
855,0.17,0.744,0.086,-0.9899,11022.82031,1
856,0.1,0.754,0.146,0.964,11096.99023,0
857,0.141,0.788,0.071,-0.9904,11096.00977,0
860,0.177,0.776,0.047,-0.9964,11062.62988,1
861,0.132,0.753,0.115,-0.7385,11139.59961,0
862,0.139,0.837,0.024,-0.9948,10974.51953,1
863,0.154,0.78,0.066,-0.9915,11105.24023,1
864,0.241,0.681,0.077,-0.9981,11146.41016,0
867,0.163,0.789,0.048,-0.9942,11133.40039,1
868,0.177,0.731,0.092,-0.9933,11163.13965,1
869,0.134,0.802,0.065,-0.9776,11168.40039,0
870,0.228,0.714,0.058,-0.9976,11127.33984,0
871,0.166,0.791,0.043,-0.9961,11120.4502,0
874,0.139,0.782,0.08,-0.9696,11120.29981,1
875,0.131,0.795,0.074,-0.9818,11125.21973,1
876,0.13,0.829,0.041,-0.9944,11184.87988,1
877,0.153,0.823,0.024,-0.9957,11216.65039,1
878,0.146,0.781,0.073,-0.9948,11435.21973,1
881,0.151,0.79,0.059,-0.9943,11439.54004,0
882,0.177,0.735,0.088,-0.9954,11403.58984,0
883,0.173,0.734,0.093,-0.9941,11342.80957,1
884,0.134,0.774,0.093,-0.9829,11326.69043,0
885,0.111,0.83,0.06,-0.9786,11281.28027,0
888,0.189,0.735,0.077,-0.996,11194.01953,1
889,0.158,0.767,0.074,-0.992,11194.7002,0
890,0.084,0.879,0.037,-0.9631,11017.83008,0
891,0.207,0.751,0.041,-0.9976,11010.49023,1
892,0.155,0.738,0.107,-0.9847,11180.76953,1
895,0.147,0.775,0.078,-0.9806,11201.66016,0
896,0.131,0.803,0.067,-0.9861,11177.59961,0
897,0.126,0.798,0.076,-0.9715,11037.34961,1
899,0.133,0.744,0.123,-0.6866,11183.5,0
902,0.227,0.731,0.041,-0.9984,11083.75,0
903,0.139,0.821,0.04,-0.9943,11049.71973,0
904,0.17,0.758,0.072,-0.9915,11007.23047,1
905,0.108,0.843,0.049,-0.9666,11255.92969,1
906,0.157,0.796,0.046,-0.9961,11361.87988,1
909,0.155,0.773,0.071,-0.9955,11381.33008,0
910,0.138,0.77,0.092,-0.9811,11363.84961,0
911,0.139,0.798,0.063,-0.989,11354.4502,1
912,0.125,0.811,0.064,-0.987,11370.44043,0
913,0.154,0.779,0.067,-0.9876,11370.05957,1
916,0.125,0.788,0.087,-0.925,11406.16016,1
917,0.181,0.715,0.103,-0.9878,11429.24023,1
918,0.144,0.796,0.06,-0.9903,11475.63965,0
919,0.201,0.721,0.078,-0.995,11457.92969,1
920,0.213,0.7,0.087,-0.9976,11499.01953,0
923,0.158,0.764,0.078,-0.9933,11491.29981,0
924,0.183,0.77,0.046,-0.9974,11478.36035,1
925,0.133,0.845,0.022,-0.9935,11532.16992,1
926,0.19,0.726,0.085,-0.9963,11559.11035,1
930,0.106,0.811,0.083,-0.9686,11572.80957,0
931,0.17,0.759,0.071,-0.9961,11554.79981,1
932,0.159,0.772,0.069,-0.9924,11572.74023,1
933,0.091,0.818,0.09,0.3811,11585.37988,0
934,0.161,0.752,0.087,-0.9955,11569.33008,1
937,0.1,0.846,0.054,-0.9862,11577.42969,1
938,0.092,0.867,0.041,-0.9849,11670.90039,1
939,0.168,0.767,0.066,-0.9969,11688.61035,1
940,0.261,0.701,0.038,-0.9983,11716.92969,0
941,0.138,0.793,0.068,-0.9927,11696.86035,0
944,0.173,0.725,0.102,-0.9944,11672.33984,0
945,0.136,0.781,0.083,-0.9792,11638.50977,1
946,0.152,0.8,0.047,-0.996,11673.62012,1
947,0.096,0.8,0.104,0.2808,11753.7002,0
948,0.097,0.816,0.087,-0.1226,11732.12988,1
952,0.095,0.828,0.076,-0.854,11783.82031,1
953,0.117,0.801,0.082,-0.9289,11834.20996,0
954,0.19,0.71,0.099,-0.9957,11823.7002,0
955,0.152,0.796,0.052,-0.9962,11822.9502,1
958,0.14,0.791,0.07,-0.983,11873.42969,1
959,0.201,0.733,0.066,-0.994,11980.51953,0
960,0.192,0.739,0.069,-0.9925,11978.84961,1
961,0.127,0.813,0.06,-0.9901,11985.36035,1
962,0.061,0.922,0.018,-0.9055,11990.36035,0
965,0.138,0.776,0.086,-0.9493,11824.38965,1
966,0.062,0.885,0.053,-0.0765,11892.5,1
967,0.09,0.837,0.073,-0.3974,12038.26953,1
968,0.266,0.612,0.122,-0.9982,12040.67969,1
969,0.118,0.801,0.081,-0.9493,12061.73047,1
972,0.139,0.767,0.094,-0.9741,12092.37988,1
973,0.09,0.891,0.02,-0.982,12152.7002,1
974,0.16,0.803,0.037,-0.9929,12229.29004,1
975,0.154,0.747,0.098,-0.9895,12239.66016,0
976,0.109,0.822,0.068,-0.9612,12227.78027,1
979,0.163,0.729,0.107,-0.9804,12266.83008,1
980,0.194,0.761,0.045,-0.9959,12266.75,0
981,0.219,0.727,0.054,-0.9972,12219.79004,1
982,0.187,0.744,0.068,-0.9944,12287.71973,1
983,0.21,0.737,0.053,-0.9973,12318.66992,1
987,0.118,0.785,0.097,-0.8496,12389.74023,0
988,0.112,0.82,0.067,-0.9694,12211.80957,0
989,0.133,0.79,0.077,-0.9699,12104.55957,0
990,0.195,0.744,0.06,-0.9955,12060.92969,1
993,0.166,0.744,0.09,-0.989,12130.4502,1
994,0.091,0.859,0.05,-0.9688,12226.49023,0
995,0.142,0.787,0.071,-0.9885,12057.33984,1
996,0.132,0.827,0.041,-0.9909,12068.00977,1
997,0.18,0.752,0.069,-0.9942,12258.87988,0
1000,0.121,0.761,0.118,0.1692,12171.08984,0
1001,0.165,0.757,0.077,-0.9928,12085.87012,1
1002,0.194,0.743,0.064,-0.9974,12211.16016,1
1003,0.162,0.787,0.052,-0.9834,12211.42969,0
1004,0.084,0.834,0.082,0.3185,11976.95996,1
1007,0.106,0.806,0.088,-0.7456,12042.12988,0
1008,0.158,0.773,0.069,-0.9926,11988.69043,0
1009,0.157,0.77,0.072,-0.9938,11854.2002,0
1010,0.171,0.77,0.059,-0.9965,11614.88965,1
1011,0.091,0.85,0.059,-0.9308,11777.23047,1
1014,0.173,0.781,0.046,-0.9944,11860.11035,1
1015,0.143,0.745,0.112,-0.8854,12036.37012,0
1016,0.153,0.791,0.056,-0.9863,12018.40039,1
1017,0.149,0.816,0.035,-0.9946,12087.54004,1
1018,0.106,0.833,0.061,-0.9656,12170.70996,1
1021,0.179,0.816,0.005,-0.9966,12221.19043,0
1022,0.167,0.762,0.071,-0.9878,12194.48047,1
1023,0.1,0.861,0.039,-0.971,12280.07031,1
1024,0.189,0.716,0.094,-0.994,12350.75977,0
1025,0.123,0.828,0.05,-0.9835,12321.01953,1
1028,0.194,0.768,0.038,-0.997,12374.59961,1
1029,0.203,0.748,0.049,-0.9961,12402.08008,0
1030,0.144,0.791,0.064,-0.9927,12386.66016,1
1031,0.192,0.73,0.078,-0.9968,12426.4502,0
1032,0.162,0.77,0.068,-0.9934,12409.87012,0
1035,0.121,0.822,0.057,-0.9652,12380.42969,1
1036,0.248,0.667,0.085,-0.9967,12381.19043,0
1037,0.132,0.819,0.048,-0.9888,12263.65039,1
1038,0.161,0.773,0.066,-0.9879,12270.24023,1
1039,0.13,0.825,0.044,-0.978,12285.4502,1
1042,0.133,0.816,0.052,-0.9786,12339.70996,0
1043,0.131,0.809,0.06,-0.9806,12201.44043,1
1044,0.189,0.727,0.083,-0.9934,12266.75,1
1045,0.174,0.769,0.057,-0.986,12453.62012,1
1049,0.093,0.834,0.073,-0.8769,12505.99023,0
1050,0.173,0.751,0.075,-0.9961,12480.86035,1
1051,0.123,0.834,0.043,-0.986,12592.23047,1
1052,0.145,0.745,0.109,-0.9413,12689.90039,1
1053,0.162,0.791,0.047,-0.9957,12763.45996,1
1056,0.109,0.821,0.07,-0.8904,12810.16016,0
1057,0.204,0.733,0.063,-0.9926,12806.37988,1
1058,0.184,0.766,0.05,-0.996,12806.29004,0
1059,0.19,0.756,0.054,-0.9968,12723.65039,0
1060,0.171,0.741,0.087,-0.9949,12580.75977,1
1063,0.15,0.76,0.09,-0.989,12637.83008,1
1064,0.238,0.715,0.047,-0.9985,12685.12988,1
1065,0.112,0.814,0.074,-0.9498,12745.87012,0
1066,0.193,0.78,0.027,-0.9986,12629.95996,1
1067,0.183,0.771,0.046,-0.9971,12695.65039,0
1070,0.149,0.821,0.029,-0.9952,12594.76953,0
1071,0.118,0.852,0.03,-0.9896,12541.33008,0
1072,0.134,0.785,0.081,-0.9817,12471.78027,1
1073,0.073,0.868,0.059,-0.3071,12561.45996,1
1074,0.171,0.755,0.075,-0.991,12604.71973,0
1077,0.293,0.611,0.096,-0.9992,12511.36035,0
1078,0.174,0.776,0.05,-0.9936,12381.57031,0
1079,0.161,0.764,0.075,-0.9937,12355.4502,1
1080,0.131,0.778,0.091,-0.9631,12391.62988,1
1081,0.149,0.792,0.059,-0.9884,12398.05957,1
1085,0.225,0.736,0.038,-0.9967,12443.40039,1
1086,0.187,0.763,0.05,-0.9984,12569.41016,0
1087,0.204,0.756,0.04,-0.9979,12289.61035,0
1088,0.196,0.765,0.038,-0.997,12247.79981,0
1091,0.184,0.763,0.053,-0.9949,12151.19043,0
1092,0.128,0.813,0.059,-0.987,12090.17969,0
1093,0.165,0.745,0.091,-0.9863,12066.26953,0
1094,0.132,0.781,0.087,-0.9652,12049.46973,1
1095,0.134,0.806,0.06,-0.9799,12124.16992,0
1098,0.117,0.828,0.055,-0.9552,11945.33008,1
1099,0.161,0.776,0.063,-0.9937,11951.37988,1
1100,0.126,0.806,0.067,-0.9733,12075.12012,0
1101,0.123,0.826,0.05,-0.9834,11896.12988,1
1102,0.159,0.818,0.023,-0.9948,11962.66016,1
1105,0.131,0.814,0.056,-0.9846,12004.28027,1
1106,0.188,0.719,0.093,-0.9945,12081.33008,1
1107,0.171,0.745,0.084,-0.9847,12189.70996,0
1108,0.176,0.742,0.082,-0.9962,12108.34961,0
1109,0.156,0.769,0.075,-0.9909,12049.24023,0
1112,0.078,0.859,0.063,-0.8396,11934.66016,1
1113,0.162,0.777,0.062,-0.9903,12043.55957,1
1114,0.118,0.817,0.065,-0.9723,12187.62988,1
1115,0.147,0.817,0.036,-0.9918,12262.25,1
1116,0.167,0.753,0.08,-0.9921,12414.33984,1
1120,0.192,0.765,0.043,-0.9966,12569.87012,1
1121,0.128,0.826,0.046,-0.9896,12562.46973,1
1122,0.12,0.82,0.061,-0.9734,12627.23047,1
1123,0.206,0.713,0.08,-0.9965,12717.90039,0
1126,0.154,0.797,0.049,-0.9933,12655.62012,0
1127,0.161,0.792,0.047,-0.996,12505.54004,0
1128,0.148,0.77,0.081,-0.9896,12447.33008,1
1129,0.137,0.752,0.111,-0.9352,12491.53027,0
1130,0.132,0.835,0.033,-0.9891,12437.12012,1
1133,0.137,0.827,0.035,-0.9925,12475.11035,0
1134,0.169,0.777,0.054,-0.9955,12386.03027,1
1135,0.133,0.801,0.066,-0.993,12583.67969,0
1136,0.167,0.783,0.05,-0.9923,12567.07031,1
1137,0.169,0.815,0.016,-0.9943,12724.70996,0
1140,0.151,0.799,0.05,-0.9938,12679.71973,0
1141,0.175,0.746,0.08,-0.995,12592.12012,0
1142,0.184,0.713,0.103,-0.9873,12498.41992,0
1143,0.179,0.775,0.046,-0.9946,12301.71973,0
1144,0.137,0.789,0.074,-0.9584,12239.36035,0
1147,0.268,0.702,0.03,-0.9987,12144.21973,0
1148,0.135,0.81,0.054,-0.988,12129.76953,0
1149,0.127,0.812,0.061,-0.9731,11863.74023,1
1150,0.162,0.77,0.068,-0.9939,11893.86035,0
1151,0.167,0.783,0.05,-0.9924,11383.98047,1
1154,0.145,0.76,0.095,-0.9588,11433.92969,0
1155,0.237,0.719,0.045,-0.9986,10810.91016,1
1156,0.177,0.791,0.032,-0.9975,11228,0
1157,0.177,0.778,0.044,-0.9953,10729.84961,1
1158,0.178,0.753,0.068,-0.9951,11143.45996,1
1161,0.149,0.785,0.065,-0.9812,11269.84961,1
1162,0.197,0.77,0.033,-0.9959,11480.48047,0
1163,0.178,0.741,0.081,-0.996,11392.00977,1
1164,0.103,0.839,0.058,-0.9532,11406.26953,0
1165,0.177,0.776,0.047,-0.9968,10989.75,0
1168,0.158,0.806,0.036,-0.988,10820.37012,1
1169,0.097,0.827,0.076,-0.8026,10854.58008,1
1170,0.151,0.781,0.067,-0.9935,11175.78027,1
1171,0.175,0.769,0.057,-0.9911,11321.01953,0
1172,0.16,0.797,0.044,-0.9945,11149.82031,1
1175,0.165,0.802,0.033,-0.9946,11286.65039,1
1176,0.197,0.754,0.049,-0.9967,11532.12988,1
1177,0.181,0.775,0.044,-0.997,11560.48047,1
1178,0.128,0.791,0.082,-0.9675,11613.29981,0
1179,0.121,0.807,0.071,-0.9688,11492.05957,0
1183,0.108,0.83,0.062,-0.9678,11237.30957,0
1184,0.112,0.858,0.03,-0.9895,11137.62988,1
1185,0.182,0.756,0.062,-0.997,11414.86035,0
1186,0.191,0.777,0.032,-0.9978,11294.59961,0
1189,0.148,0.791,0.061,-0.9901,10990.00977,1
1190,0.156,0.752,0.092,-0.9897,11054.99023,1
1191,0.212,0.727,0.061,-0.9962,11106.83008,1
1192,0.134,0.793,0.073,-0.9849,11247.71973,1
1193,0.172,0.733,0.095,-0.9919,11433.70996,1
1196,0.143,0.753,0.104,-0.9827,11506.82031,0
1197,0.08,0.801,0.119,0.9228,11401.46973,1
1198,0.243,0.731,0.026,-0.9987,11408.58008,0
1199,0.174,0.753,0.074,-0.9951,11121.88965,0
1200,0.167,0.779,0.054,-0.9904,10732.76953,1
1203,0.142,0.789,0.069,-0.987,10771.78027,1
1204,0.218,0.731,0.051,-0.9981,11045.23047,1
1205,0.173,0.76,0.067,-0.9895,11189.09961,0
1206,0.099,0.804,0.097,0.1909,11012.79004,1
1207,0.155,0.757,0.088,-0.9886,11152.32031,0
1210,0.143,0.769,0.087,-0.9817,10912.09961,0
1211,0.186,0.739,0.075,-0.9915,10651.44043,1
1212,0.122,0.806,0.071,-0.9768,10800.46973,1
1213,0.182,0.757,0.061,-0.9956,10939.87012,1
1214,0.178,0.757,0.066,-0.9967,11123.41016,0
1217,0.252,0.696,0.052,-0.9986,11104.55957,1
1218,0.138,0.797,0.065,-0.9794,11432.79981,0
1219,0.18,0.749,0.072,-0.9968,11417.36035,1
1220,0.15,0.81,0.04,-0.9954,11518.08984,0
1221,0.188,0.75,0.061,-0.9966,11478.96973,1
1224,0.175,0.756,0.069,-0.9945,11643.34961,0
1225,0.152,0.809,0.039,-0.995,11396.16992,1
1226,0.119,0.817,0.064,-0.9845,11577.54004,0
1227,0.107,0.781,0.113,0.6243,11502.12988,1
1228,0.118,0.78,0.102,-0.9395,11543.21973,1
1231,0.168,0.791,0.041,-0.9946,11807.95996,1
1232,0.189,0.684,0.128,-0.9865,11912.62988,0
1233,0.12,0.805,0.075,-0.9758,11707.75977,1
1234,0.167,0.76,0.074,-0.976,11872.07031,1
1235,0.171,0.785,0.044,-0.9957,12207.33984,1
1238,0.106,0.815,0.079,-0.89,12229.21973,0
1239,0.106,0.771,0.123,0.8748,11951.53027,0
1240,0.164,0.764,0.072,-0.9821,11658.49023,1
1241,0.145,0.762,0.093,-0.9742,11835.58984,1
1242,0.158,0.743,0.099,-0.9762,12043.41016,0
1245,0.165,0.771,0.064,-0.9917,11983.01953,1
1246,0.198,0.734,0.068,-0.9975,12055.51953,1
1247,0.123,0.821,0.056,-0.9753,12166.40039,0
1248,0.157,0.776,0.067,-0.9947,11780.03027,1
1249,0.159,0.763,0.078,-0.9932,11896.28027,1
1252,0.16,0.762,0.078,-0.9928,12153,0
1253,0.141,0.8,0.059,-0.9908,12077.91992,1
1254,0.096,0.839,0.065,-0.9615,12084.74023,0
1255,0.138,0.815,0.047,-0.9953,11905.66992,0
1256,0.115,0.81,0.075,-0.9225,11768.98047,1
1259,0.136,0.824,0.04,-0.9908,11795.54981,0
1260,0.209,0.697,0.094,-0.9975,11542.38965,0
1261,0.159,0.793,0.048,-0.9962,11492.74023,0
1263,0.178,0.755,0.067,-0.9943,11251.87988,0
1266,0.163,0.754,0.084,-0.9917,11232.46973,1
1267,0.11,0.818,0.071,-0.9673,11523.00977,1
1268,0.116,0.831,0.053,-0.9858,11559.26953,1
1269,0.199,0.745,0.057,-0.9974,12046.20996,0
1270,0.192,0.714,0.093,-0.9918,12022.37012,0
1273,0.218,0.688,0.095,-0.9984,12021.54004,1
1274,0.166,0.756,0.078,-0.9951,12097.75,1
1275,0.167,0.751,0.081,-0.9919,12144.41016,1
1276,0.161,0.762,0.077,-0.9936,12195.91016,0
1277,0.174,0.772,0.054,-0.9947,11996.03027,1
1280,0.154,0.779,0.066,-0.9942,12181.08008,0
1281,0.13,0.818,0.052,-0.9871,12018.66016,0
1282,0.159,0.811,0.031,-0.9969,11949.71973,0
1283,0.178,0.765,0.056,-0.997,11825.29004,1
1284,0.212,0.736,0.052,-0.9965,11870.25,0
1287,0.158,0.803,0.039,-0.9874,11866.54004,0
1288,0.109,0.837,0.055,-0.9811,11769.20996,1
1289,0.169,0.761,0.071,-0.9917,12103.58008,1
1290,0.197,0.71,0.093,-0.9973,12107.58984,1
1291,0.188,0.769,0.043,-0.9979,12169.87988,1
1295,0.164,0.782,0.054,-0.9924,12293.46973,0
1296,0.217,0.726,0.057,-0.9975,12288.84961,0
1297,0.126,0.778,0.096,-0.9588,12152.32031,1
1298,0.148,0.796,0.055,-0.9862,12286.28027,0
1302,0.142,0.796,0.062,-0.9942,12221.19043,1
1303,0.133,0.807,0.06,-0.9895,12392.45996,1
1304,0.144,0.803,0.053,-0.9952,12418.41992,0
1305,0.239,0.713,0.048,-0.9969,12407.4502,0
1308,0.122,0.806,0.072,-0.9835,12359.30957,1
1309,0.133,0.8,0.067,-0.9849,12394.50977,1
1310,0.261,0.698,0.04,-0.9987,12459.51953,0
1311,0.123,0.846,0.031,-0.9854,12449.91016,1
1312,0.18,0.765,0.055,-0.9954,12469.95996,0
1316,0.105,0.835,0.06,-0.9845,12423.12012,1
1317,0.134,0.801,0.065,-0.9848,12474.69043,1
1318,0.121,0.832,0.047,-0.9807,12578.19043,1
1319,0.165,0.788,0.047,-0.9928,12623.83008,1
1322,0.195,0.738,0.066,-0.9974,12720.25,0
1323,0.194,0.765,0.041,-0.9973,12708.37012,0
1324,0.166,0.751,0.083,-0.9919,12673.62988,1
1325,0.193,0.764,0.042,-0.9977,12756.95996,0
1326,0.225,0.734,0.041,-0.9977,12733.9502,0
1329,0.161,0.775,0.064,-0.9833,12659.16992,0
1330,0.146,0.785,0.069,-0.9828,12654.78027,0
1331,0.175,0.736,0.089,-0.991,12632.75977,1
1332,0.139,0.777,0.084,-0.9768,12716.54004,0
1333,0.188,0.725,0.087,-0.994,12705.04004,1
1336,0.147,0.831,0.022,-0.9964,12860.71973,0
1337,0.171,0.756,0.074,-0.9931,12844.37012,1
1338,0.09,0.831,0.079,-0.6058,12865.79004,1
1339,0.183,0.77,0.047,-0.997,12884.41016,1
1340,0.142,0.8,0.058,-0.989,12889.54981,0
1343,0.178,0.783,0.039,-0.9962,12799.11035,1
1344,0.122,0.815,0.063,-0.9827,12871.76953,1
1345,0.214,0.742,0.044,-0.9966,12864.65039,0
1346,0.171,0.743,0.086,-0.9933,12779.80957,1
1347,0.183,0.793,0.024,-0.9973,12903.33008,1
1351,0.192,0.761,0.048,-0.9973,12949.33984,1
1352,0.204,0.713,0.083,-0.9928,12966.21973,0
1353,0.182,0.758,0.059,-0.9941,12937.08008,1
1354,0.199,0.734,0.067,-0.9969,12981.2002,1
1357,0.168,0.767,0.064,-0.9946,12981.12988,1
1358,0.152,0.787,0.061,-0.9852,12976.74023,1
1359,0.16,0.757,0.083,-0.9928,13005.41992,0
1360,0.14,0.808,0.052,-0.9926,12952.29004,1
1361,0.141,0.782,0.077,-0.9894,12980.75,0
1364,0.133,0.775,0.092,-0.9676,12977.33984,0
1365,0.144,0.795,0.061,-0.9849,12958.65039,0
1366,0.178,0.766,0.057,-0.9945,12756.12012,1
1367,0.153,0.793,0.054,-0.9923,12835.53027,1
1368,0.159,0.75,0.091,-0.9766,12908.62012,1
1371,0.155,0.771,0.074,-0.9906,12920.58008,1
1372,0.158,0.787,0.054,-0.9933,12953.2002,1
1373,0.149,0.776,0.075,-0.9879,13177.15039,1
1374,0.114,0.809,0.078,-0.9659,13192.96973,1
1375,0.143,0.797,0.06,-0.9964,13253.50977,0
1378,0.147,0.774,0.079,-0.9888,13231.94043,1
1379,0.083,0.86,0.058,-0.8422,13238.4502,0
1380,0.133,0.805,0.062,-0.9805,13170.79004,0
1381,0.25,0.717,0.033,-0.9991,13124.40039,0
1382,0.108,0.771,0.12,0.8505,13045.99023,1
1385,0.087,0.827,0.086,-0.4939,13082.62012,1
1386,0.155,0.776,0.069,-0.994,13242.08984,0
1387,0.096,0.841,0.064,-0.9431,13195.38965,0
1388,0.202,0.737,0.061,-0.9959,13125.99023,1
1389,0.178,0.773,0.049,-0.9972,13147.94043,1
1392,0.132,0.788,0.081,-0.9684,13211.36035,1
1393,0.124,0.809,0.066,-0.9783,13258.95996,0
1394,0.115,0.843,0.041,-0.9718,13198.19043,0
1395,0.099,0.868,0.033,-0.9736,13067.17969,0
1399,0.133,0.818,0.049,-0.99,13057.57031,0
1400,0.122,0.784,0.094,-0.9029,12929.44043,0
1401,0.143,0.778,0.079,-0.9858,12716.91992,1
1402,0.153,0.744,0.103,-0.9876,12806.4502,1
1403,0.129,0.823,0.048,-0.9787,12986.2002,0
1406,0.163,0.761,0.076,-0.996,12850.87988,1
1407,0.131,0.837,0.032,-0.9945,12921.79004,1
1408,0.167,0.769,0.065,-0.9879,13114.55957,0
1409,0.148,0.769,0.083,-0.9876,13028.73047,0
1410,0.129,0.782,0.089,-0.9695,12964.48047,1
1413,0.128,0.818,0.055,-0.9884,13028.2002,0
1414,0.16,0.758,0.083,-0.9918,12927.76953,1
1415,0.151,0.784,0.065,-0.983,12997.69043,1
1416,0.143,0.778,0.08,-0.9917,13090.11035,1
1417,0.186,0.757,0.057,-0.996,13204.7002,1
1420,0.121,0.847,0.032,-0.9862,13228.30957,0
1421,0.122,0.838,0.04,-0.9922,13214.16016,1
1422,0.15,0.755,0.095,-0.9732,13278.11035,0
1423,0.149,0.799,0.052,-0.9944,13267.58984,0
1424,0.154,0.786,0.061,-0.9924,13204.62012,0
1427,0.129,0.771,0.1,-0.9062,13035.84961,0
1428,0.193,0.73,0.077,-0.9942,13000.73047,0
1429,0.111,0.804,0.085,-0.922,12921.80957,0
1430,0.202,0.756,0.042,-0.9988,12831.58008,1
1431,0.117,0.761,0.123,0.7543,12851.79004,0
1434,0.153,0.768,0.079,-0.9927,12818.49023,0
1435,0.15,0.816,0.033,-0.995,12695.04981,0
1436,0.177,0.768,0.055,-0.997,12617.32031,0
1437,0.184,0.772,0.045,-0.9974,12598.32031,0
1438,0.145,0.789,0.066,-0.9913,12443.01953,0
1441,0.173,0.792,0.036,-0.9973,12369.15039,1
1442,0.148,0.823,0.029,-0.9943,12505.37988,0
1443,0.186,0.756,0.058,-0.9973,12501.51953,0
1444,0.237,0.679,0.084,-0.9982,12491.91016,1
1445,0.172,0.756,0.071,-0.9884,12530.74023,0
1449,0.172,0.792,0.036,-0.9959,12454.83008,1
1450,0.172,0.74,0.087,-0.9882,12579.01953,0
1451,0.252,0.683,0.065,-0.9976,12414.41016,0
1452,0.229,0.726,0.045,-0.9984,12391.55957,0
1455,0.165,0.771,0.064,-0.9931,12119.84961,0
1456,0.162,0.753,0.085,-0.9887,12101.08008,1
1457,0.17,0.772,0.058,-0.9958,12125,1
1458,0.141,0.827,0.032,-0.9937,12416.53027,1
1459,0.144,0.82,0.036,-0.9897,12460.80957,1
1462,0.162,0.752,0.086,-0.9911,12553.80957,0
1463,0.146,0.809,0.045,-0.9846,12412.07031,1
1464,0.123,0.811,0.066,-0.9825,12566.37988,0
1465,0.107,0.812,0.08,-0.8591,12497.88965,1
1466,0.092,0.859,0.05,-0.9668,12652.20996,1
1469,0.117,0.826,0.057,-0.981,12767.01953,0
1470,0.151,0.788,0.062,-0.9908,12744.62012,1
1471,0.147,0.775,0.078,-0.9896,12837.09961,0
1472,0.153,0.785,0.063,-0.9913,12823.09961,0
1473,0.173,0.754,0.072,-0.9944,12574.82031,1
1476,0.107,0.813,0.08,-0.959,12639.79981,0
1477,0.248,0.705,0.047,-0.9992,12503.57031,1
1478,0.191,0.737,0.072,-0.9977,12532.92969,1
1479,0.16,0.799,0.041,-0.9949,12626.25,0
1480,0.124,0.848,0.029,-0.9935,12604.59961,1
1483,0.124,0.785,0.091,-0.9566,12879.70996,0
1484,0.189,0.771,0.04,-0.9965,12868.05957,1
1486,0.157,0.752,0.09,-0.9899,12941.84961,0
1487,0.155,0.791,0.054,-0.9941,12889.40039,0
1490,0.148,0.78,0.072,-0.9921,12772.01953,0
1491,0.202,0.715,0.083,-0.9959,12733.87012,0
1492,0.196,0.721,0.083,-0.9947,12653.04004,0
1493,0.164,0.771,0.064,-0.9929,12602.70996,0
1494,0.198,0.735,0.067,-0.9956,12573.73047,1
1497,0.15,0.8,0.05,-0.9935,12776.33008,0
1498,0.187,0.779,0.034,-0.997,12728.73047,1
1499,0.155,0.777,0.068,-0.9901,12796.98047,1
1500,0.13,0.786,0.085,-0.9809,12909.61035,1
1501,0.144,0.805,0.051,-0.9914,12942.67969,0
1504,0.144,0.8,0.055,-0.989,12820.4502,0
1505,0.191,0.769,0.04,-0.9986,12720.92969,0
1506,0.101,0.828,0.071,-0.9482,12617.76953,1
1507,0.247,0.718,0.035,-0.9991,12680.58984,1
1508,0.141,0.782,0.076,-0.9869,12888.91016,1
1511,0.194,0.748,0.058,-0.9976,13075.34961,0
1512,0.107,0.841,0.051,-0.967,13071.71973,0
1513,0.146,0.801,0.054,-0.9934,13007.46973,0
1514,0.108,0.836,0.056,-0.9702,12969.7002,0
1515,0.156,0.757,0.087,-0.988,12884.82031,1
1518,0.184,0.774,0.042,-0.9977,13099.87988,1
1519,0.186,0.732,0.083,-0.9899,13118.65039,1
1520,0.194,0.758,0.049,-0.9968,13158.09961,1
1521,0.164,0.782,0.055,-0.9964,13174.73047,0
1522,0.171,0.771,0.059,-0.997,13163.15039,1
1525,0.146,0.786,0.068,-0.9865,13204.92969,0
1526,0.163,0.798,0.039,-0.9945,13168.11035,1
1527,0.141,0.794,0.065,-0.985,13157.46973,1
1528,0.181,0.774,0.045,-0.9938,13163.24023,1
1529,0.223,0.733,0.044,-0.9975,13251.2002,1
1532,0.183,0.771,0.046,-0.9969,13274.58008,0
1533,0.181,0.772,0.047,-0.9969,13272.09961,0
1534,0.127,0.846,0.027,-0.9943,13198.30957,0
1535,0.105,0.833,0.061,-0.9801,13171.37012,0
1536,0.193,0.767,0.04,-0.9975,13052.82031,1
1539,0.173,0.792,0.036,-0.9964,13157.74023,0
1540,0.179,0.779,0.042,-0.9962,13122.74023,0
1541,0.12,0.819,0.06,-0.9857,13103.45996,1
1542,0.247,0.727,0.026,-0.9991,13101.29004,0
1543,0.137,0.804,0.059,-0.9912,13002.71973,1
1547,0.114,0.832,0.055,-0.9743,13092.15039,0
1548,0.147,0.824,0.029,-0.9946,13036.08984,1
1549,0.201,0.768,0.031,-0.9982,13045.23047,1
1550,0.162,0.779,0.059,-0.9888,13289.53027,1
1553,0.16,0.761,0.078,-0.9931,13308.55957,0
1554,0.135,0.797,0.068,-0.9801,13254.59961,1
1555,0.21,0.754,0.036,-0.9975,13321.62012,1
1556,0.129,0.821,0.05,-0.9727,13329.70996,1
1557,0.16,0.8,0.039,-0.9895,13540.40039,1
1560,0.207,0.761,0.033,-0.9968,13588.57031,0
1561,0.132,0.775,0.093,-0.9217,13552.33008,1
1562,0.163,0.772,0.065,-0.9893,13565.41016,1
1563,0.167,0.804,0.029,-0.9967,13575.16992,1
1564,0.213,0.715,0.073,-0.9964,13597.24023,0
1567,0.201,0.72,0.079,-0.996,13577.84961,0
1568,0.123,0.799,0.078,-0.9668,13559.91992,0
1569,0.163,0.769,0.067,-0.991,13458.62988,0
1570,0.126,0.796,0.078,-0.9751,13413.46973,1
1571,0.107,0.818,0.075,-0.9319,13485.88965,0
1574,0.177,0.753,0.07,-0.9958,13437.66016,1
1575,0.147,0.8,0.053,-0.9949,13515.29981,0
1576,0.22,0.732,0.047,-0.9975,13479.20996,1
1577,0.119,0.812,0.069,-0.9648,13495.17969,1
1578,0.174,0.743,0.083,-0.9942,13569.17969,1
1581,0.135,0.764,0.1,-0.9551,13589.25977,0
1582,0.137,0.793,0.07,-0.9907,13582.87988,0
1583,0.214,0.734,0.052,-0.9978,13473.53027,0
1584,0.192,0.779,0.029,-0.9975,13346.28027,0
1585,0.149,0.748,0.104,-0.9857,13325.62012,1
1588,0.154,0.785,0.061,-0.9936,13329.54004,1
1589,0.153,0.811,0.037,-0.9968,13423.83984,1
1590,0.135,0.799,0.065,-0.9892,13539.62988,1
1591,0.142,0.81,0.048,-0.9935,13553.24023,0
1592,0.181,0.749,0.07,-0.9927,13545.33008,0
1595,0.157,0.793,0.05,-0.9958,13344.28027,1
1596,0.191,0.751,0.058,-0.9932,13344.90039,0
1597,0.188,0.765,0.047,-0.9957,13103.53027,0
1598,0.227,0.737,0.036,-0.9983,13079.63965,1
1599,0.183,0.723,0.094,-0.9951,13104.21973,1
1604,0.137,0.788,0.075,-0.9855,13107.44043,0
1605,0.188,0.768,0.044,-0.9969,13099.19043,1
1606,0.171,0.756,0.073,-0.9932,13232.62012,0
1609,0.114,0.834,0.052,-0.9817,13092.28027,1
1610,0.097,0.847,0.056,-0.9706,13112.90039,1
1611,0.092,0.823,0.085,-0.8658,13228.24023,0
1612,0.12,0.842,0.038,-0.9884,12932.80957,0
1613,0.202,0.737,0.061,-0.9978,12811.16992,1
1616,0.177,0.767,0.056,-0.9971,12815.92969,0
1617,0.16,0.759,0.081,-0.9921,12808.70996,0
1618,0.189,0.775,0.036,-0.9971,12746.54004,0
1619,0.244,0.681,0.075,-0.9976,12571.09961,0
1620,0.153,0.777,0.07,-0.9949,12542.30957,1
1623,0.165,0.787,0.048,-0.9972,12590.23047,1
1624,0.236,0.685,0.079,-0.9973,12790.88965,0
1625,0.141,0.824,0.035,-0.995,12788.36035,1
1627,0.165,0.808,0.027,-0.9962,12833.12988,1
1630,0.192,0.73,0.078,-0.9971,13008.4502,0
1631,0.126,0.805,0.069,-0.9877,12963.37988,0
1632,0.184,0.758,0.058,-0.9963,12875.55957,1
1633,0.157,0.774,0.069,-0.9943,12977.34961,1
1634,0.121,0.828,0.052,-0.9895,13022.04981,1
1637,0.199,0.748,0.054,-0.996,13027.73047,0
1638,0.147,0.799,0.054,-0.9915,12966.4502,0
1639,0.218,0.732,0.05,-0.998,12948.95996,1
1640,0.17,0.782,0.048,-0.9933,13026.19043,1
1641,0.195,0.755,0.05,-0.995,13072.87012,1
1644,0.203,0.749,0.048,-0.9971,13154.88965,1
1645,0.182,0.766,0.052,-0.9953,13170.33984,1
1646,0.119,0.835,0.045,-0.9718,13250.04981,0
1647,0.214,0.731,0.055,-0.9978,13241.37988,0
1648,0.183,0.745,0.071,-0.9943,13170.79981,0
1651,0.194,0.743,0.063,-0.9961,13135.16992,1
1652,0.133,0.817,0.049,-0.9784,13236.61035,1
1653,0.203,0.756,0.041,-0.9979,13351.04004,0
1654,0.153,0.809,0.038,-0.9936,13246.66992,1
1655,0.124,0.802,0.075,-0.9823,13309.9502,0
1658,0.198,0.716,0.086,-0.9953,13190.15039,0
1660,0.149,0.774,0.078,-0.9943,13138.84961,0
1661,0.122,0.837,0.04,-0.9865,13114.96973,0
1662,0.219,0.729,0.053,-0.9978,13095.08008,0
1665,0.182,0.755,0.063,-0.9973,12938.19043,1
1667,0.174,0.785,0.04,-0.9965,13104.29981,1
1668,0.214,0.747,0.039,-0.9959,13413.00977,0
1669,0.218,0.729,0.053,-0.9977,13391.04981,1
1672,0.211,0.698,0.09,-0.994,13436.12988,0
1673,0.181,0.737,0.082,-0.9946,13377.41992,0
1674,0.152,0.794,0.054,-0.9931,13329.91992,1
1675,0.218,0.716,0.066,-0.9985,13391.82031,1
1676,0.16,0.77,0.07,-0.9953,13471.4502,1
1679,0.183,0.723,0.094,-0.994,13488.42969,1
1680,0.163,0.791,0.046,-0.9963,13507.32031,1
1681,0.145,0.758,0.097,-0.9712,13534.88965,0
1682,0.187,0.756,0.057,-0.989,13511.23047,1
1683,0.108,0.828,0.065,-0.9376,13596.01953,1
1687,0.152,0.763,0.085,-0.9835,13649.7002,1
1688,0.162,0.777,0.061,-0.9922,13712.20996,1
1689,0.195,0.732,0.073,-0.9967,13779.33008,1
1690,0.145,0.782,0.073,-0.9911,13825.33008,1
1693,0.152,0.783,0.065,-0.9919,13895.98047,0
1694,0.136,0.787,0.077,-0.9766,13881.92969,1
1695,0.168,0.76,0.072,-0.994,13954.41992,0
1696,0.116,0.824,0.06,-0.9858,13910.41992,0
1697,0.189,0.755,0.056,-0.9963,13860.58008,1
1700,0.12,0.828,0.051,-0.9825,14009.79004,0
1701,0.19,0.743,0.067,-0.9966,13880.08008,1
1702,0.138,0.827,0.035,-0.9928,13979.29981,1
1703,0.12,0.781,0.099,-0.9243,13986.51953,0
1704,0.292,0.691,0.017,-0.9992,13944.04981,1
1707,0.1,0.816,0.084,-0.8481,13992.96973,0
1708,0.14,0.813,0.047,-0.9949,13971.24023,1
1709,0.126,0.804,0.07,-0.9789,14018.7002,0
1710,0.195,0.791,0.015,-0.9972,13982.91016,0
1711,0.147,0.83,0.023,-0.99,13973.38965,1
1715,0.132,0.762,0.106,-0.9081,13981.75977,1
1716,0.156,0.801,0.042,-0.9932,14035.66992,0
1717,0.161,0.801,0.038,-0.9972,13927.54004,0
1718,0.173,0.783,0.044,-0.9947,13880.62012,1
1721,0.166,0.723,0.11,-0.9879,14000.57031,0
1722,0.193,0.75,0.057,-0.9978,13784.16992,1
1723,0.171,0.768,0.06,-0.992,13900.12988,1
1724,0.185,0.793,0.021,-0.9965,14075.37012,0
1725,0.2,0.704,0.096,-0.995,14054.49023,1
1728,0.093,0.814,0.093,0.5053,14089.66016,1
1729,0.204,0.76,0.035,-0.9982,14127.82031,1
1730,0.171,0.764,0.065,-0.9933,14253.76953,1
1731,0.139,0.781,0.079,-0.9805,14296.24023,1
1732,0.123,0.793,0.085,-0.9537,14329.49023,1
1735,0.168,0.771,0.061,-0.9945,14397.07031,1
1736,0.202,0.716,0.082,-0.9969,14447.29004,1
1737,0.137,0.782,0.082,-0.986,14450.05957,1
1738,0.099,0.804,0.096,-0.2989,14455.28027,1
1739,0.145,0.779,0.076,-0.9908,14539.13965,0
1742,0.251,0.68,0.069,-0.9982,14514.11035,0
1743,0.153,0.793,0.054,-0.9949,14452.05957,1
1744,0.182,0.769,0.049,-0.9967,14455.82031,1
1745,0.133,0.812,0.055,-0.9937,14511.73047,0
1746,0.164,0.782,0.054,-0.995,14421.49023,1
1749,0.102,0.833,0.066,-0.9219,14512.03027,0
1750,0.161,0.78,0.059,-0.9944,14447.75,1
1751,0.115,0.81,0.076,-0.9681,14559.65039,0
1752,0.192,0.742,0.065,-0.9919,14526.16016,1
1756,0.162,0.782,0.056,-0.9947,14578.54004,0
1757,0.15,0.807,0.042,-0.9849,14572.84961,1
1758,0.188,0.766,0.046,-0.9978,14662.00977,0
1759,0.156,0.803,0.041,-0.9933,14550.34961,1
1760,0.158,0.775,0.067,-0.9917,14606.11035,0
1763,0.14,0.803,0.057,-0.9806,14565.25,1
1764,0.127,0.817,0.056,-0.9892,14613.48047,1
1765,0.154,0.756,0.09,-0.984,14673.45996,1
1766,0.138,0.792,0.069,-0.9818,14802.24023,1
1767,0.166,0.72,0.115,-0.9749,14865.13965,0
1770,0.126,0.793,0.081,-0.9732,14865.05957,0
1771,0.206,0.73,0.064,-0.9973,14599.2002,1
1772,0.156,0.785,0.059,-0.9912,14756.78027,0
1773,0.186,0.709,0.104,-0.9942,14618.58984,0
1774,0.164,0.709,0.127,-0.9687,14537.13965,1
1777,0.212,0.749,0.038,-0.997,14547.50977,1
1778,0.222,0.73,0.048,-0.9972,14567.16992,1
1779,0.128,0.818,0.054,-0.9903,14719.45996,0
1780,0.129,0.811,0.059,-0.9833,14676.29981,1
1781,0.197,0.73,0.073,-0.9968,14700.79981,1
1784,0.228,0.743,0.029,-0.9982,14712.54981,1
1785,0.125,0.814,0.062,-0.9371,14818.75,1
1786,0.173,0.773,0.054,-0.996,14839.79981,0
1787,0.182,0.784,0.034,-0.9972,14700.9502,1
1788,0.201,0.713,0.086,-0.9941,14831.58008,1
1791,0.187,0.729,0.084,-0.9959,14973.95996,0
1792,0.188,0.75,0.062,-0.9959,14968.88965,1
1793,0.162,0.766,0.072,-0.9888,15056.2002,1
1794,0.185,0.765,0.05,-0.9961,15105.12012,0
1795,0.177,0.712,0.111,-0.9808,15082.62012,1
1798,0.231,0.727,0.043,-0.9982,15113.41992,0
1799,0.12,0.814,0.066,-0.9711,15091.67969,1
1800,0.149,0.795,0.056,-0.993,15211.87012,1
1801,0.165,0.789,0.046,-0.9964,15273.91992,0
1802,0.22,0.729,0.051,-0.9981,15234.75,1
1805,0.091,0.866,0.044,-0.9687,15348.33008,0
1806,0.096,0.842,0.061,-0.9377,15334.96973,1
1807,0.201,0.722,0.077,-0.9957,15387.12012,0
1808,0.255,0.69,0.055,-0.999,15300.57031,0
1809,0.141,0.793,0.067,-0.9883,15290.74023,1
1813,0.191,0.784,0.025,-0.9981,15307.33008,1
1814,0.135,0.78,0.085,-0.9825,15399.94043,0
1815,0.188,0.757,0.054,-0.9973,15306.01953,1
1816,0.154,0.77,0.077,-0.9862,15322.21973,0
1819,0.205,0.751,0.044,-0.998,15123.54981,1
1820,0.135,0.781,0.083,-0.9661,15255.21973,0
1821,0.174,0.755,0.071,-0.9898,15168.09961,0
1822,0.148,0.776,0.076,-0.97,14955.4502,1
1823,0.139,0.78,0.082,-0.9705,15044.45996,1
1826,0.086,0.819,0.096,0.7469,15247.80957,0
1827,0.079,0.844,0.078,0.1346,15231.37988,0
1828,0.152,0.808,0.039,-0.9942,15130.38965,0
1829,0.089,0.839,0.072,-0.5586,14992.54004,1
1830,0.177,0.74,0.083,-0.9938,15178.08008,0
1833,0.143,0.787,0.07,-0.9909,15078.70996,1
1834,0.124,0.845,0.03,-0.9899,15186.29981,1
1835,0.165,0.772,0.062,-0.9963,15315.46973,0
1836,0.177,0.733,0.09,-0.9905,15105.50977,0
1837,0.126,0.823,0.051,-0.9801,14760.62012,1
1840,0.223,0.73,0.046,-0.9965,14795.79004,0
1841,0.109,0.802,0.089,-0.913,14669.69043,1
1842,0.116,0.805,0.079,-0.9623,14769.99023,1
1843,0.101,0.848,0.052,-0.9684,14921.28027,1
1844,0.142,0.772,0.086,-0.9818,15016.58008,0
1847,0.111,0.8,0.089,-0.891,14911.59961,1
1848,0.141,0.797,0.061,-0.9932,14974.95996,0
1849,0.126,0.82,0.054,-0.9799,14923.73047,1
1851,0.104,0.809,0.088,-0.7774,14995.45996,1
1854,0.164,0.772,0.064,-0.992,15137.21973,1
1855,0.117,0.799,0.085,-0.9666,15228.45996,1
1856,0.194,0.775,0.031,-0.9971,15298.03027,0
1857,0.143,0.802,0.055,-0.9861,15298,1
1858,0.107,0.782,0.111,0.7867,15460.69043,1
1861,0.122,0.774,0.103,-0.8633,15459.69043,1
1862,0.17,0.786,0.044,-0.9962,15485.03027,0
1863,0.223,0.722,0.055,-0.9981,15456.91992,1
1864,0.241,0.671,0.087,-0.9987,15465.91016,1
1865,0.162,0.796,0.042,-0.9958,15524.26953,1
1868,0.148,0.8,0.051,-0.9965,15543.96973,1
1869,0.157,0.776,0.066,-0.9917,15547,1
1870,0.202,0.756,0.041,-0.998,15576.69043,0
1871,0.171,0.765,0.064,-0.9961,15539.16992,1
1872,0.174,0.771,0.054,-0.9941,15547.84961,1
1875,0.156,0.775,0.069,-0.9952,15557.13965,0
1876,0.177,0.754,0.069,-0.9952,15534.49023,0
1877,0.135,0.764,0.101,-0.9716,15528.57031,0
1878,0.179,0.755,0.066,-0.9953,15503.84961,1
1879,0.097,0.827,0.076,-0.951,15627.55957,1
1882,0.145,0.804,0.05,-0.992,15651.98047,0
1883,0.129,0.802,0.069,-0.9901,15608.44043,0
1884,0.137,0.819,0.045,-0.9932,15516.20996,0
1885,0.099,0.844,0.057,-0.9685,15477.26953,1
1886,0.141,0.796,0.063,-0.9938,15496.62988,0
1889,0.176,0.763,0.06,-0.9961,15415.21973,1
1890,0.141,0.811,0.048,-0.9935,15420.67969,1
1891,0.172,0.769,0.059,-0.9952,15447.70996,0
1892,0.182,0.779,0.038,-0.9969,15332.70996,0
1893,0.104,0.829,0.067,-0.9604,15112.57031,0
1896,0.186,0.774,0.04,-0.9963,15076.79004,0
1897,0.156,0.805,0.039,-0.996,15011.82031,0
1898,0.205,0.745,0.051,-0.9959,14993.80957,0
1899,0.181,0.765,0.055,-0.9967,14908.59961,1
1900,0.173,0.783,0.044,-0.9975,14988.78027,1
1903,0.152,0.774,0.074,-0.9942,15014.58008,0
1904,0.171,0.774,0.055,-0.991,14939.25,0
1905,0.124,0.778,0.099,-0.9028,14770.99023,1
1906,0.137,0.809,0.054,-0.9948,14817.91016,1
1907,0.146,0.782,0.072,-0.9774,14844.09961,0
1911,0.132,0.777,0.09,-0.9533,14801.54981,1
1912,0.107,0.849,0.044,-0.9643,14832.41992,1
1913,0.165,0.762,0.073,-0.9912,14929.49023,1
1914,0.135,0.785,0.079,-0.9686,14941.54981,0
1917,0.165,0.771,0.065,-0.9908,14927.19043,1
1918,0.205,0.727,0.068,-0.9958,15067.23047,1
1919,0.137,0.781,0.082,-0.9859,15194.12988,1
1920,0.12,0.834,0.047,-0.9782,15327.13965,0
1921,0.204,0.741,0.055,-0.9977,15312.86035,1
1924,0.097,0.838,0.065,-0.9134,15381.36035,1
1925,0.169,0.786,0.045,-0.9952,15503.15039,1
1926,0.13,0.781,0.088,-0.9801,15533.03027,1
1927,0.181,0.766,0.053,-0.9967,15677.86035,0
1928,0.145,0.806,0.049,-0.9906,15635.08984,0
1931,0.226,0.724,0.05,-0.9979,15452.30957,0
1932,0.191,0.781,0.029,-0.9979,15402.54004,0
1933,0.129,0.805,0.066,-0.9871,15339.01953,0
1934,0.148,0.765,0.087,-0.9869,15274.41992,1
1935,0.1,0.832,0.068,-0.969,15317.4502,0
1938,0.146,0.822,0.032,-0.9932,15249.82031,0
1939,0.17,0.782,0.048,-0.9951,15132.49023,1
1940,0.168,0.791,0.041,-0.9958,15182.65039,0
1941,0.156,0.777,0.067,-0.9865,15127.23047,0
1942,0.179,0.749,0.072,-0.9951,14994.67969,1
1945,0.127,0.775,0.097,-0.9676,15069.29981,0
1946,0.086,0.815,0.099,0.5745,14938.04004,0
1947,0.133,0.818,0.049,-0.9916,14778.19043,1
1948,0.117,0.806,0.077,-0.8757,14806.38965,1
1949,0.145,0.77,0.085,-0.9911,15126.51953,1
1952,0.132,0.744,0.124,-0.4408,15231.33008,1
1953,0.093,0.814,0.093,0.2411,15300.29981,0
1954,0.155,0.801,0.044,-0.9941,15170.7002,1
1955,0.16,0.782,0.058,-0.9953,15369.45996,1
1956,0.221,0.733,0.046,-0.998,15371.70996,1
1959,0.103,0.843,0.054,-0.9874,15401.32031,0
1960,0.161,0.765,0.074,-0.9895,15394.21973,1
1961,0.13,0.827,0.043,-0.9929,15465.33984,0
1962,0.119,0.816,0.065,-0.9821,15414.87012,1
1963,0.127,0.797,0.076,-0.9772,15523.71973,1
1966,0.145,0.781,0.074,-0.9805,15569.19043,0
1967,0.177,0.772,0.051,-0.9951,15572.20996,1
1968,0.107,0.856,0.037,-0.9858,15680.74023,0
1969,0.145,0.778,0.077,-0.9954,15619.91992,0
1970,0.119,0.804,0.076,-0.9751,15558.00977,1
1973,0.203,0.747,0.05,-0.9972,15621.2002,1
1974,0.214,0.739,0.047,-0.9971,15631.21973,0
1975,0.144,0.823,0.033,-0.9946,15628.71973,1
1976,0.156,0.782,0.062,-0.9954,15751.30957,0
1977,0.107,0.816,0.077,-0.9192,15591.54004,1
1980,0.135,0.765,0.099,-0.9634,15759.28027,1
1981,0.142,0.782,0.076,-0.9887,15773.15039,0
1982,0.183,0.764,0.052,-0.9964,15739.5,1
1983,0.264,0.701,0.035,-0.9983,15806.21973,1
1984,0.115,0.82,0.065,-0.981,15876.16016,1
1987,0.15,0.779,0.071,-0.9892,15962.71973,1
1988,0.172,0.736,0.091,-0.994,15974.05957,0
1989,0.1,0.802,0.099,-0.1331,15971.2002,0
1990,0.153,0.76,0.087,-0.9905,15908.07031,1
1991,0.158,0.774,0.068,-0.9934,16008.70996,1
1994,0.189,0.701,0.11,-0.9918,16072.08984,1
1995,0.143,0.792,0.065,-0.9943,16070.92969,1
1996,0.155,0.772,0.073,-0.9953,16073.37012,1
1998,0.176,0.768,0.055,-0.9966,16105.16016,0
2001,0.168,0.77,0.062,-0.996,16087.12012,0
2002,0.128,0.81,0.063,-0.9848,16004.71973,0
2003,0.172,0.75,0.078,-0.9932,15910.50977,0
2004,0.167,0.765,0.067,-0.9927,15886.5,0
2005,0.165,0.772,0.064,-0.9859,15825.54981,1
2008,0.103,0.864,0.033,-0.9871,16019.49023,1
2009,0.101,0.831,0.068,-0.9679,16024.12012,0
2010,0.094,0.795,0.111,0.8114,15970.75,0
2011,0.167,0.784,0.048,-0.9949,15844.82031,0
2012,0.169,0.783,0.048,-0.9961,15745.66016,1
2015,0.148,0.785,0.067,-0.9819,15759.59961,1
2016,0.155,0.741,0.104,-0.9802,15884.05957,0
2017,0.119,0.809,0.073,-0.974,15876.57031,1
2018,0.108,0.821,0.071,-0.9697,16162.50977,1
2019,0.138,0.827,0.035,-0.9886,16178.57031,1
2022,0.189,0.748,0.062,-0.997,16225.25,1
2023,0.155,0.797,0.048,-0.9946,16295.7002,1
2025,0.169,0.796,0.036,-0.9957,16370.96973,1
2026,0.217,0.737,0.046,-0.9966,16486.36914,0
2029,0.168,0.792,0.04,-0.9957,16484.50977,1
2030,0.105,0.83,0.065,-0.9686,16512.38086,1
2032,0.199,0.733,0.068,-0.9976,16572.16992,0
2033,0.137,0.809,0.054,-0.9858,16456.89063,1
2036,0.169,0.79,0.04,-0.9963,16474.03906,0
2037,0.167,0.795,0.038,-0.9934,16429.01953,1
2038,0.171,0.75,0.079,-0.9964,16527.66016,0
2039,0.156,0.781,0.063,-0.991,16471.41016,0
2040,0.172,0.739,0.089,-0.9927,16453.61914,0
2043,0.184,0.747,0.069,-0.9968,16434.0293,0
2044,0.129,0.805,0.066,-0.9831,16261.99023,1
2045,0.14,0.822,0.038,-0.9929,16378.03027,1
2046,0.15,0.736,0.114,-0.9685,16477.69922,0
2047,0.132,0.768,0.1,-0.9158,16408.01953,1
2051,0.152,0.816,0.033,-0.9954,16459.26953,0
2052,0.204,0.717,0.079,-0.9963,16420.48047,0
2053,0.189,0.775,0.036,-0.9963,16371.99023,0
2054,0.093,0.797,0.11,0.9511,16203.29004,0
2057,0.199,0.746,0.054,-0.9974,15879.04981,0
2058,0.121,0.791,0.087,-0.9695,15840.83984,1
2059,0.162,0.786,0.052,-0.9957,15927.08008,0
2060,0.121,0.849,0.03,-0.989,15743.03027,1
2061,0.164,0.793,0.043,-0.993,15847.19043,0
2064,0.163,0.784,0.053,-0.995,15697.69043,0
2065,0.163,0.744,0.093,-0.9912,15372.92969,1
2066,0.166,0.729,0.105,-0.988,15443,0
2067,0.146,0.725,0.129,-0.8812,15443.83008,1
2068,0.126,0.786,0.089,-0.957,15630.63965,1
2071,0.107,0.805,0.088,-0.9377,15793.62988,1
2072,0.136,0.803,0.062,-0.9895,15804.16992,1
2073,0.149,0.768,0.082,-0.9899,15993.04004,0
2074,0.134,0.809,0.057,-0.9815,15946.99023,1
2075,0.118,0.779,0.103,-0.8225,16018.08008,1
2079,0.159,0.784,0.056,-0.9956,16153.96973,0
2080,0.164,0.766,0.07,-0.9907,16126.23047,0
2081,0.161,0.786,0.053,-0.9949,16044.15039,1
2082,0.2,0.735,0.064,-0.9965,16135.91992,0
2085,0.099,0.861,0.04,-0.9596,16102.26953,1
2086,0.225,0.705,0.07,-0.9976,16207.33984,0
2087,0.103,0.846,0.051,-0.9689,16180.36035,1
2088,0.109,0.842,0.049,-0.9816,16197.7002,1
2089,0.095,0.875,0.029,-0.9801,16273.23047,1
2092,0.081,0.851,0.067,-0.5593,16321.70996,0
2093,0.128,0.828,0.045,-0.9894,16169.32031,1
2094,0.136,0.787,0.077,-0.985,16395.88086,0
2095,0.103,0.856,0.041,-0.9517,16360.55957,1
2096,0.181,0.78,0.039,-0.9957,16424.5293,1
2099,0.18,0.767,0.052,-0.9939,16453.09961,0
2100,0.19,0.755,0.055,-0.9962,16419.39063,0
2101,0.147,0.815,0.038,-0.9927,16350.66992,0
2102,0.065,0.87,0.065,-0.4588,16341.54981,0
2103,0.142,0.789,0.069,-0.9836,16106.32031,0
2106,0.161,0.794,0.045,-0.9911,16066.37012,1
2107,0.074,0.846,0.08,0.8835,16245.92969,1
2108,0.166,0.758,0.075,-0.996,16335.70996,0
2109,0.095,0.849,0.056,-0.9709,16221.98047,1
2110,0.102,0.837,0.061,-0.9747,16332.69043,0
2113,0.104,0.841,0.054,-0.9559,16303.28027,0
2114,0.164,0.77,0.066,-0.9906,16279.2002,1
2115,0.145,0.788,0.067,-0.992,16370.70996,0
2116,0.136,0.798,0.066,-0.9896,16268.66992,0
2117,0.127,0.837,0.036,-0.9875,16267.76953,1
2120,0.114,0.821,0.065,-0.9504,16324.21973,1
2121,0.153,0.791,0.056,-0.9902,16458.05078,1
2122,0.152,0.803,0.045,-0.9955,16532.80078,1
2123,0.088,0.886,0.026,-0.9737,16572.35938,1
2124,0.133,0.83,0.037,-0.9911,16576.01953,0
2127,0.141,0.812,0.047,-0.9882,16414.15039,0
2128,0.157,0.753,0.091,-0.9897,16245.16016,1
2129,0.095,0.846,0.059,-0.9709,16256.37012,1
2130,0.191,0.744,0.065,-0.9971,16437.24023,0
2131,0.095,0.85,0.055,-0.9672,16168.87012,0
2134,0.113,0.809,0.078,-0.9667,16028.29004,1
2135,0.144,0.773,0.083,-0.9797,16173.49023,1
2136,0.137,0.784,0.08,-0.9661,16266.23047,1
2137,0.096,0.833,0.071,-0.802,16424.14063,0
2141,0.184,0.765,0.051,-0.9982,16408.91992,1
2142,0.161,0.782,0.057,-0.9939,16449.38086,1
2143,0.124,0.817,0.059,-0.978,16513.73047,0
2144,0.161,0.778,0.06,-0.993,16503.39063,0
2145,0.122,0.848,0.03,-0.9898,16503.25977,0
2148,0.104,0.854,0.043,-0.9397,16363.2002,1
2149,0.107,0.795,0.098,-0.6808,16451.17969,1
2150,0.16,0.805,0.035,-0.9951,16534.85938,1
2151,0.179,0.762,0.059,-0.9953,16580.25977,0
2152,0.197,0.714,0.089,-0.9933,16562.33984,0
2155,0.116,0.858,0.026,-0.9858,16509.75,1
2156,0.186,0.767,0.047,-0.9968,16529.84961,0
2157,0.177,0.78,0.042,-0.9966,16401.66016,1
2158,0.138,0.821,0.041,-0.9855,16518.16016,1
2159,0.143,0.823,0.033,-0.9883,16551.23047,1
2162,0.159,0.811,0.03,-0.9935,16584.82031,1
2163,0.135,0.796,0.069,-0.9887,16695.91992,1
2164,0.182,0.77,0.048,-0.9951,16716.08008,0
2165,0.121,0.822,0.058,-0.98,16613.51953,0
2166,0.147,0.829,0.024,-0.995,16447.32031,1
2169,0.127,0.78,0.093,-0.9578,16490.34961,1
2170,0.106,0.799,0.095,-0.6606,16511.2207,0
2171,0.197,0.717,0.085,-0.9934,16376.16992,1
2172,0.188,0.73,0.082,-0.9955,16532.74023,1
2173,0.123,0.844,0.033,-0.9885,16544.49023,1
2177,0.164,0.738,0.098,-0.9866,16607.41992,1
2178,0.139,0.824,0.037,-0.9886,16674.98047,0
2179,0.227,0.693,0.079,-0.9973,16637.74023,1
2180,0.138,0.822,0.04,-0.9872,16697.33008,1
2183,0.138,0.807,0.055,-0.9818,16716.84961,1
2184,0.098,0.836,0.066,-0.9501,16736.69922,0
2185,0.094,0.847,0.059,-0.9669,16720,1
2186,0.138,0.81,0.052,-0.9923,16739.14063,1
2187,0.11,0.804,0.086,-0.91,16839.64063,1
2190,0.141,0.796,0.063,-0.9936,16926.08008,1
2191,0.12,0.817,0.063,-0.9769,16940.40039,1
2192,0.099,0.84,0.061,-0.9616,16943.16016,0
2193,0.163,0.798,0.039,-0.9942,16840.48047,0
2194,0.121,0.829,0.05,-0.9816,16734.64063,1
2197,0.096,0.81,0.094,0.1705,16765.56055,1
2198,0.151,0.745,0.105,-0.9787,16779.21094,1
2199,0.176,0.734,0.091,-0.9926,16806.11914,1
2200,0.113,0.817,0.07,-0.9705,16909.90039,1
2201,0.102,0.836,0.062,-0.9612,16920.61914,1
2204,0.198,0.762,0.04,-0.9951,16946.5,0
2205,0.191,0.718,0.092,-0.9927,16934.61914,0
2206,0.182,0.709,0.108,-0.9919,16817.67969,1
2207,0.128,0.819,0.053,-0.9884,16866.81055,0
2208,0.142,0.819,0.039,-0.9937,16846.90039,1
2211,0.214,0.733,0.053,-0.997,16852.49023,0
2212,0.118,0.821,0.061,-0.9826,16828.5293,1
2213,0.237,0.718,0.044,-0.9974,16949.71094,1
2214,0.126,0.797,0.077,-0.9635,16979,1
2218,0.141,0.774,0.085,-0.9659,17063.83008,0
2219,0.136,0.797,0.067,-0.988,17022.08984,0
2220,0.171,0.802,0.028,-0.995,16916.83008,1
2221,0.126,0.802,0.071,-0.9784,16980.34961,0
2222,0.165,0.778,0.058,-0.9899,16918.31055,1
2225,0.134,0.812,0.055,-0.9854,16950.92969,1
2226,0.113,0.831,0.056,-0.979,17055.0293,1
2227,0.156,0.794,0.051,-0.9942,17061.91016,1
2228,0.15,0.791,0.059,-0.9876,17133.44922,0
2229,0.172,0.777,0.051,-0.9947,16978.16016,1
2232,0.21,0.763,0.027,-0.9978,17095.10938,0
2233,0.156,0.774,0.07,-0.9878,17054.9707,1
2234,0.218,0.749,0.033,-0.9971,17117.00977,0
2235,0.164,0.802,0.033,-0.9959,17092.01953,0
2236,0.164,0.767,0.069,-0.9911,17079.5,0
2239,0.117,0.841,0.042,-0.9855,16956.91016,1
2240,0.118,0.782,0.1,-0.6818,16984.33008,0
2241,0.186,0.75,0.064,-0.9929,16920.10938,0
2242,0.204,0.747,0.049,-0.9976,16869.63086,0
2243,0.176,0.768,0.057,-0.9928,16561.69922,0
2246,0.15,0.824,0.027,-0.9948,16493.7207,1
2247,0.125,0.817,0.058,-0.9878,16559.9707,0
2248,0.198,0.778,0.024,-0.9981,16425.09961,1
2249,0.178,0.766,0.056,-0.9918,16448.28906,0
2250,0.139,0.824,0.037,-0.9808,16369.67969,1
2253,0.166,0.791,0.043,-0.996,16557.26953,1
2254,0.137,0.807,0.057,-0.9877,16565.55078,0
2255,0.122,0.758,0.12,-0.7046,16567.53906,1
2256,0.113,0.812,0.076,-0.9676,16657.32031,1
2257,0.14,0.826,0.034,-0.9943,16717.00977,0
2260,0.126,0.793,0.081,-0.9643,16664.44922,1
2261,0.172,0.791,0.037,-0.9958,16839.06055,1
2262,0.134,0.815,0.051,-0.9864,16910.0293,1
2263,0.206,0.727,0.067,-0.9967,16983.88086,1
2264,0.186,0.761,0.052,-0.9966,17038.26953,0
2267,0.122,0.831,0.046,-0.9848,17011.81055,1
2268,0.152,0.772,0.076,-0.9808,17079.57031,1
2269,0.165,0.784,0.051,-0.9959,17111.0293,1
2270,0.148,0.803,0.049,-0.9903,17119.06055,0
2271,0.167,0.788,0.045,-0.9946,17083.41992,1
2275,0.114,0.834,0.053,-0.9807,17097.41992,0
2276,0.185,0.747,0.068,-0.9893,17067.24023,1
2277,0.146,0.785,0.069,-0.9865,17083.60938,0
2278,0.134,0.788,0.078,-0.9863,17065.89063,1
2281,0.158,0.79,0.052,-0.9931,17131.71094,0
2282,0.125,0.839,0.036,-0.9853,17110.39063,0
2283,0.098,0.797,0.105,0.6381,17016.05078,1
2284,0.137,0.774,0.089,-0.9623,17057.41016,0
2285,0.133,0.781,0.086,-0.9672,17044.05078,0
2288,0.088,0.864,0.049,-0.9559,16988.75977,1
2289,0.126,0.793,0.081,-0.9799,17027.16016,1
2290,0.145,0.797,0.059,-0.9913,17131.00977,1
2291,0.142,0.81,0.048,-0.9915,17163.73047,1
2292,0.122,0.788,0.09,-0.9223,17267.21094,1
2295,0.129,0.786,0.085,-0.9709,17271.71094,0
2296,0.136,0.81,0.054,-0.9775,17165.91016,0
2297,0.106,0.797,0.098,-0.6059,17056.64063,1
2298,0.11,0.792,0.098,-0.6908,17204.85938,0
2299,0.121,0.782,0.097,-0.9728,16948.61914,1
2302,0.169,0.778,0.053,-0.9921,17107.68945,0
2303,0.15,0.795,0.055,-0.9958,17070.44922,0
2304,0.109,0.853,0.038,-0.9808,17040.46094,0
2305,0.124,0.804,0.073,-0.979,16808.26953,0
2306,0.155,0.774,0.071,-0.9839,16802.19922,1
2309,0.155,0.76,0.085,-0.9867,17010.33984,0
2310,0.135,0.804,0.061,-0.986,16988.25,0
2311,0.123,0.801,0.077,-0.9597,16718.65039,1
2312,0.116,0.838,0.046,-0.9885,16989.36914,0
2313,0.172,0.779,0.048,-0.9951,16654.88086,0
2316,0.123,0.824,0.053,-0.9788,16535.42969,0
2317,0.196,0.745,0.059,-0.9951,16321.90039,0
2318,0.135,0.793,0.071,-0.9856,16313.29981,0
2319,0.098,0.822,0.08,-0.6269,16137.13965,0
2320,0.138,0.811,0.051,-0.9895,16118.38965,1
2323,0.16,0.767,0.072,-0.9855,16373.15039,1
2324,0.153,0.762,0.085,-0.9896,16406.0293,1
2325,0.096,0.812,0.093,-0.1093,16615.25977,0
2326,0.172,0.731,0.097,-0.9881,16468.07031,1
2327,0.174,0.77,0.055,-0.996,16677.03906,1
2330,0.174,0.763,0.064,-0.9877,16796.09961,1
2331,0.139,0.752,0.109,-0.9554,16825.18945,1
2332,0.087,0.759,0.154,0.9917,17005.07031,0
2333,0.058,0.904,0.038,-0.8093,16968.14063,1
2334,0.099,0.855,0.045,-0.9674,17208.7793,1
2337,0.071,0.874,0.056,-0.5994,17390.90039,0
2338,0.135,0.813,0.052,-0.9868,17368.81055,1
2339,0.169,0.753,0.078,-0.9908,17385.75977,1
2340,0.194,0.751,0.054,-0.9967,17491.66016,1
2341,0.119,0.827,0.054,-0.9861,17558.58008,1
2344,0.155,0.789,0.056,-0.9928,17568.98047,1
2345,0.095,0.837,0.068,-0.8977,17615.64063,0
2346,0.176,0.772,0.053,-0.9944,17604.75,1
2347,0.092,0.853,0.055,-0.9337,17618.68945,1
2348,0.185,0.758,0.057,-0.9965,17653.10938,0
2351,0.168,0.786,0.046,-0.9912,17631.84961,1
2352,0.166,0.766,0.068,-0.9935,17643.08984,1
2353,0.155,0.784,0.062,-0.9921,17685.50977,1
2354,0.209,0.763,0.028,-0.9981,17677.32031,1
2355,0.166,0.772,0.063,-0.994,17721.01953,1
2358,0.129,0.821,0.05,-0.9838,17812.63086,1
2359,0.202,0.694,0.104,-0.994,17819.05078,0
2360,0.161,0.76,0.079,-0.9903,17812.25,1
2362,0.18,0.758,0.062,-0.9955,17830.55078,0
2365,0.133,0.798,0.068,-0.9792,17827.26953,0
2366,0.096,0.817,0.088,-0.3832,17778.84961,1
2367,0.146,0.806,0.047,-0.9963,17880.90039,1
2368,0.165,0.809,0.026,-0.9972,17910.01953,0
2369,0.187,0.736,0.078,-0.9944,17903.05078,1
2372,0.164,0.763,0.074,-0.9933,17954.93945,0
2373,0.135,0.781,0.083,-0.9799,17847.36914,0
2374,0.228,0.719,0.052,-0.998,17797.99023,0
2375,0.142,0.804,0.054,-0.992,17534.30078,1
2376,0.138,0.694,0.168,0.8947,17590.05078,0
2379,0.145,0.79,0.065,-0.9904,17285.74023,0
2380,0.239,0.699,0.061,-0.9976,17173.07031,0
2381,0.188,0.768,0.045,-0.9971,17069.16016,1
2382,0.195,0.754,0.05,-0.9975,17367.84961,1
2383,0.165,0.747,0.088,-0.9919,17778.01953,1
2386,0.121,0.795,0.084,-0.9705,17812.25,1
2387,0.145,0.762,0.094,-0.9741,17971.50977,1
2388,0.128,0.834,0.038,-0.9859,18035.73047,0
2390,0.156,0.764,0.08,-0.9912,18038.30078,1
2393,0.172,0.771,0.057,-0.9912,18046.58008,0
2394,0.176,0.774,0.05,-0.9941,18035.01953,0
2395,0.166,0.794,0.039,-0.9932,17987.66016,0
2397,0.153,0.774,0.072,-0.9928,17823.07031,1
2400,0.17,0.775,0.054,-0.9965,17821.30078,0
2401,0.132,0.816,0.053,-0.9871,17504.17969,0
2402,0.183,0.768,0.049,-0.9971,17374.7793,1
2403,0.286,0.665,0.049,-0.9991,17591.9707,1
2404,0.196,0.729,0.075,-0.9962,17911.01953,0
2407,0.168,0.76,0.072,-0.9934,17742.05078,0
2408,0.204,0.74,0.056,-0.9954,17645.01953,0
2409,0.194,0.739,0.066,-0.9969,17609.06055,0
2410,0.105,0.832,0.063,-0.9593,17436.30078,0
2411,0.207,0.7,0.093,-0.9968,17320,1
2415,0.14,0.785,0.075,-0.9795,17516.96094,0
2416,0.125,0.815,0.06,-0.9853,17509.96094,1
2417,0.153,0.812,0.034,-0.9934,17557.28906,1
2418,0.154,0.767,0.079,-0.9813,17812.5,0
2421,0.172,0.759,0.069,-0.9927,17668.10938,1
2422,0.211,0.7,0.089,-0.9951,17638.5293,0
2423,0.128,0.81,0.062,-0.9805,17402.91016,0
2424,0.174,0.783,0.043,-0.9947,17195.28906,1
2425,0.104,0.854,0.042,-0.979,17416.84961,0
2428,0.136,0.81,0.054,-0.9917,17169.99023,1
2429,0.115,0.835,0.05,-0.9769,17369.9707,1
2430,0.188,0.758,0.054,-0.9938,17664.99023,1
2431,0.121,0.796,0.083,-0.9498,17677.25977,1
2432,0.116,0.819,0.065,-0.9828,17881.53906,0
2435,0.214,0.71,0.076,-0.9948,17821.49023,0
2436,0.179,0.708,0.112,-0.9846,17736.15039,1
2437,0.141,0.829,0.03,-0.9936,17867.85938,0
2438,0.119,0.849,0.033,-0.9841,17862.14063,1
2439,0.213,0.766,0.021,-0.9974,17968.65039,1
2443,0.208,0.741,0.052,-0.9972,18019.80078,1
2444,0.173,0.792,0.034,-0.995,18045.7207,0
2445,0.118,0.767,0.115,-0.3612,18028.66992,0
2446,0.185,0.756,0.059,-0.9968,17985.76953,1
2449,0.131,0.802,0.067,-0.9826,18140.75977,0
2450,0.143,0.778,0.079,-0.983,18112.57031,1
2451,0.149,0.773,0.078,-0.9881,18208.66992,1
2452,0.165,0.791,0.044,-0.9922,18224.41016,0
2453,0.086,0.858,0.056,-0.9255,18213.25977,0
2456,0.149,0.78,0.071,-0.9861,18134.05078,1
2457,0.106,0.815,0.078,-0.8955,18281.94922,0
2458,0.164,0.805,0.031,-0.997,18203.36914,0
2459,0.158,0.75,0.092,-0.993,18096.90039,1
2460,0.178,0.772,0.05,-0.9963,18135.7207,0
2463,0.135,0.821,0.044,-0.9879,17856.56055,1
2464,0.116,0.816,0.068,-0.9655,17989.56055,0
2465,0.167,0.744,0.09,-0.9865,17662.93945,0
2466,0.156,0.766,0.077,-0.9928,17626.83984,1
2467,0.104,0.802,0.094,-0.8656,17889.05078,0
2470,0.143,0.796,0.061,-0.9909,17751.24023,1
2471,0.056,0.86,0.084,0.8903,17972.2207,0
2472,0.095,0.841,0.064,-0.7895,17846.80078,1
2473,0.069,0.827,0.104,0.9336,18072.58008,0
2474,0.137,0.82,0.043,-0.9951,17961.13086,1
2477,0.139,0.824,0.037,-0.9881,18136.73047,0
2478,0.091,0.831,0.078,-0.7518,18110.86914,0
2479,0.162,0.744,0.094,-0.9906,18012.60938,0
2480,0.139,0.785,0.076,-0.9869,17716.26953,0
2481,0.112,0.807,0.08,-0.9477,17673.63086,1
2484,0.206,0.742,0.052,-0.9974,17727.48047,1
2485,0.107,0.842,0.051,-0.9761,17965.36914,0
2486,0.125,0.811,0.063,-0.9809,17778.51953,0
2487,0.135,0.813,0.052,-0.9878,17699.51953,1
2491,0.115,0.814,0.071,-0.9654,17755.5,1
2492,0.176,0.75,0.074,-0.9948,17884.32031,0
2493,0.151,0.797,0.052,-0.9929,17877.61914,1
2494,0.161,0.782,0.058,-0.9934,17902.50977,1
2495,0.1,0.864,0.036,-0.9904,17956.73047,1
2498,0.1,0.851,0.049,-0.9744,18052.32031,0
2499,0.144,0.784,0.072,-0.9906,17979.10938,1
2500,0.129,0.81,0.062,-0.9782,18045.71094,1
2501,0.122,0.813,0.065,-0.9786,18106.26953,0
2502,0.108,0.816,0.076,-0.9547,18102.56055,0
2505,0.156,0.784,0.06,-0.9938,17841.17969,1
2506,0.109,0.855,0.037,-0.985,18034.23047,0
2507,0.095,0.843,0.061,-0.9516,17950.82031,1
2508,0.09,0.855,0.055,-0.9667,18031.90039,1
2509,0.102,0.848,0.05,-0.971,18056.41992,1
2512,0.139,0.78,0.08,-0.9723,18097.89063,0
2513,0.12,0.81,0.07,-0.9842,18035.90039,1
2514,0.13,0.763,0.106,-0.9286,18093.68945,0
2515,0.148,0.792,0.06,-0.9881,18033.33008,0
2516,0.152,0.827,0.021,-0.9953,17859.26953,1
2519,0.145,0.831,0.024,-0.9968,18026.01953,1
2520,0.166,0.744,0.09,-0.9873,18062.5293,0
2521,0.123,0.806,0.071,-0.9702,17934.81055,0
2522,0.115,0.842,0.043,-0.9836,17840.25,1
2523,0.092,0.833,0.076,-0.7269,17933.64063,1
2526,0.107,0.806,0.087,-0.9391,18187.7793,0
2527,0.132,0.799,0.069,-0.9715,18096.16016,0
2528,0.155,0.787,0.058,-0.9954,18070.36914,0
2529,0.144,0.827,0.029,-0.9923,18062.49023,1
2530,0.142,0.815,0.042,-0.9953,18251.9707,1
2533,0.191,0.753,0.056,-0.9968,18267.25,1
2534,0.121,0.825,0.054,-0.9934,18300.48047,1
2535,0.119,0.821,0.06,-0.9806,18315.06055,0
2536,0.105,0.815,0.08,-0.9404,18285.86914,0
2537,0.092,0.838,0.07,-0.9283,18286.86914,0
2541,0.141,0.821,0.038,-0.9945,18229.75,0
2542,0.2,0.727,0.073,-0.9967,18045.08008,1
2543,0.145,0.763,0.092,-0.9702,18154.14063,0
2544,0.192,0.733,0.075,-0.9981,18128.11914,0
2547,0.18,0.775,0.045,-0.9964,18017.82031,1
2548,0.089,0.847,0.064,-0.8402,18033.33008,0
2549,0.118,0.797,0.085,-0.9632,18018.41992,1
2550,0.112,0.797,0.091,-0.9371,18072.4707,0
2551,0.088,0.846,0.066,-0.9286,17905.38086,0
2554,0.066,0.877,0.057,-0.6616,17849.46094,0
2555,0.152,0.767,0.081,-0.9915,17766.94922,0
2556,0.091,0.829,0.08,-0.7065,17765.38086,1
2557,0.091,0.834,0.075,-0.9144,18001.26953,1
2558,0.137,0.804,0.059,-0.9926,18035.83008,0
2561,0.138,0.796,0.066,-0.9845,17890.75977,0
2562,0.139,0.783,0.079,-0.9885,17787.42969,1
2563,0.111,0.847,0.042,-0.9836,17909.58008,1
2564,0.107,0.791,0.102,-0.6705,17944.60938,1
2565,0.139,0.812,0.049,-0.9932,18116.24023,0
2568,0.102,0.828,0.07,-0.9615,18027.63086,1
2569,0.138,0.75,0.112,-0.9484,18121.7793,1
2570,0.083,0.884,0.033,-0.9674,18139.09961,0
2571,0.094,0.848,0.058,-0.9072,17977.10938,0
2572,0.121,0.833,0.046,-0.951,17892.0293,1
2575,0.126,0.784,0.091,-0.9708,17936.74023,0
2576,0.12,0.809,0.072,-0.9734,17599.96094,1
2577,0.13,0.828,0.042,-0.985,17638.11914,1
2578,0.137,0.781,0.082,-0.9867,17763.32031,0
2582,0.143,0.816,0.041,-0.9944,17728.08008,0
2583,0.173,0.752,0.075,-0.9946,17684.91992,1
2584,0.108,0.808,0.084,-0.9118,17759.00977,0
2585,0.185,0.751,0.064,-0.9949,17530.38086,1
2586,0.135,0.78,0.085,-0.9732,17561.11914,1
2589,0.144,0.788,0.068,-0.987,17787.26953,1
2590,0.101,0.818,0.082,-0.9333,17974.60938,1
2591,0.115,0.813,0.072,-0.9707,18053.38086,0
2592,0.127,0.767,0.106,-0.9567,18078.16016,1
2593,0.148,0.788,0.064,-0.9905,18117.58008,0
2596,0.176,0.715,0.109,-0.9825,18085.91016,1
2597,0.122,0.804,0.073,-0.9803,18096.66992,0
2598,0.118,0.84,0.042,-0.9905,17918.34961,0
2599,0.125,0.821,0.054,-0.9891,17853.7793,0
2600,0.128,0.807,0.065,-0.9898,17731.05078,0
2603,0.153,0.815,0.032,-0.9959,17561.7793,0
2604,0.177,0.774,0.049,-0.9962,17449.81055,1
2605,0.137,0.816,0.047,-0.9936,17631.40039,1
2606,0.113,0.822,0.065,-0.9786,17743.24023,1
2607,0.129,0.811,0.06,-0.9902,17755.86914,0
2610,0.177,0.783,0.04,-0.9968,17696.74023,0
2611,0.15,0.77,0.08,-0.9908,17596.92969,0
2612,0.169,0.776,0.055,-0.9959,17555.24023,0
2613,0.129,0.78,0.092,-0.9725,17542.60938,0
2614,0.169,0.795,0.036,-0.9978,17414.93945,0
2617,0.164,0.718,0.118,-0.967,17375.17969,1
2618,0.147,0.789,0.065,-0.9928,17593.58984,0
2619,0.149,0.794,0.057,-0.9916,17382.92969,1
2620,0.078,0.859,0.063,-0.8887,17401.64063,1
2621,0.158,0.78,0.063,-0.9932,17410.11914,1
2624,0.167,0.791,0.042,-0.9932,17472.66016,1
2625,0.134,0.818,0.048,-0.9902,17537.30078,0
2626,0.105,0.794,0.101,-0.4715,17508.74023,0
2627,0.15,0.774,0.076,-0.9941,17345.32031,0
2628,0.095,0.81,0.095,-0.4592,16990.68945,0
2631,0.159,0.799,0.043,-0.9931,16459.75,0
2632,0.147,0.753,0.1,-0.9616,15882.26953,0
2633,0.107,0.833,0.061,-0.9783,15676.25977,1
2634,0.176,0.78,0.045,-0.9974,16285.50977,1
2635,0.129,0.84,0.032,-0.9938,16649.41992,0
2638,0.124,0.772,0.104,-0.7915,16632.01953,0
2639,0.124,0.793,0.084,-0.9732,16528.0293,0
2640,0.168,0.785,0.047,-0.9958,16058.34961,1
2641,0.118,0.817,0.065,-0.9791,16364.33984,1
2642,0.177,0.751,0.072,-0.994,16371.75977,0
2646,0.137,0.798,0.065,-0.9911,16109.92969,1
2647,0.126,0.786,0.088,-0.9538,16505.03906,0
2648,0.153,0.784,0.064,-0.9918,16252.57031,1
2649,0.164,0.731,0.105,-0.9812,16330.40039,1
2652,0.128,0.784,0.089,-0.9738,16450.85938,0
2653,0.127,0.832,0.04,-0.9889,16382.58008,1
2654,0.161,0.735,0.104,-0.9758,16599.50977,1
2655,0.182,0.731,0.087,-0.9957,16738.08008,0
2656,0.132,0.782,0.087,-0.9497,16674.74023,0
2659,0.152,0.757,0.092,-0.9838,16406.09961,1
2660,0.126,0.828,0.045,-0.9904,16477.44922,0
2661,0.144,0.786,0.07,-0.9904,16332.80957,0
2662,0.174,0.782,0.044,-0.9957,16257.11035,0
2663,0.124,0.811,0.065,-0.9707,16205.07031,1
2666,0.114,0.806,0.08,-0.906,16313.25977,0
2667,0.122,0.803,0.075,-0.9872,16001.75977,1
2668,0.143,0.799,0.058,-0.9917,16057.08008,1
2669,0.124,0.816,0.059,-0.9734,16278.62012,0
2670,0.216,0.745,0.04,-0.9979,16258.25,1
2673,0.151,0.771,0.078,-0.9896,16502.09961,1
2674,0.144,0.809,0.047,-0.995,16774.01953,1
2675,0.133,0.785,0.082,-0.9775,16805.41992,1
2676,0.156,0.767,0.076,-0.9847,16904.16992,1
2677,0.121,0.812,0.068,-0.9736,17054.68945,1
2680,0.155,0.802,0.043,-0.9932,17082.28906,1
2681,0.154,0.785,0.062,-0.9806,17113.55078,0
2682,0.132,0.781,0.088,-0.9887,17079.08008,0
2683,0.15,0.784,0.066,-0.993,16944.85938,1
2684,0.147,0.758,0.095,-0.9655,17141.75,1
2687,0.24,0.692,0.069,-0.9984,17209.42969,1
2688,0.147,0.796,0.057,-0.9891,17228.4707,0
2689,0.126,0.818,0.056,-0.9903,17225.92969,0
2690,0.118,0.826,0.056,-0.9801,17180.88086,1
2691,0.162,0.788,0.05,-0.9947,17525.10938,1
2694,0.175,0.779,0.046,-0.9952,17649.57031,0
2695,0.105,0.825,0.071,-0.9435,17608.89063,0
2696,0.119,0.818,0.064,-0.9768,17586.68945,1
2697,0.15,0.754,0.096,-0.9835,17771.5,0
2698,0.125,0.824,0.05,-0.9884,17756.59961,0
2701,0.117,0.817,0.065,-0.9619,17672.61914,1
2702,0.121,0.821,0.058,-0.9909,17819.74023,1
2703,0.117,0.796,0.087,-0.9449,17929.58008,0
2704,0.108,0.803,0.089,-0.8696,17871.25,0
2705,0.131,0.82,0.049,-0.9932,17855.2207,1
2708,0.141,0.782,0.077,-0.9779,17900.7793,0
2709,0.182,0.756,0.062,-0.9962,17724.13086,1
2710,0.128,0.807,0.065,-0.989,17769.5,0
2711,0.091,0.846,0.063,-0.9022,17691.92969,0
2712,0.118,0.846,0.035,-0.9889,17439.25,0
2715,0.17,0.804,0.026,-0.994,17229.93945,1
2716,0.212,0.689,0.099,-0.9943,17486.99023,1
2717,0.244,0.737,0.019,-0.9981,17485.49023,1
2718,0.207,0.751,0.042,-0.9972,17739.83008,0
2719,0.189,0.73,0.081,-0.9955,17732.75,1
2722,0.184,0.764,0.052,-0.9952,17823.60938,0
2723,0.133,0.774,0.093,-0.9419,17770.90039,1
2724,0.155,0.781,0.064,-0.9873,17820.81055,0
2726,0.111,0.814,0.076,-0.9377,17806.03906,1
2729,0.124,0.816,0.06,-0.9797,17802.83984,0
2730,0.08,0.876,0.044,-0.9359,17719.7207,1
2731,0.119,0.79,0.091,-0.9207,17883.14063,0
2732,0.167,0.765,0.068,-0.9939,17741.57031,0
2733,0.174,0.727,0.099,-0.989,17482.67969,1
2736,0.148,0.793,0.059,-0.9875,17845.49023,0
2737,0.135,0.811,0.054,-0.9929,17703.99023,0
2738,0.176,0.767,0.057,-0.996,17558.17969,0
2739,0.169,0.77,0.061,-0.9957,17493.16992,1
2740,0.157,0.804,0.039,-0.9967,17574.75,0
2743,0.146,0.829,0.025,-0.9936,17277.10938,1
2744,0.126,0.788,0.086,-0.9732,17374.7793,1
2745,0.105,0.814,0.081,-0.9582,17530.84961,1
2746,0.132,0.79,0.078,-0.9765,17756.53906,0
2747,0.163,0.789,0.047,-0.9908,17495.03906,0
2750,0.165,0.756,0.079,-0.9874,17154.93945,1
2751,0.193,0.748,0.059,-0.9933,17253.55078,1
2752,0.14,0.776,0.084,-0.9765,17427.63086,1
2753,0.148,0.809,0.044,-0.9947,17593.25977,0
2757,0.134,0.838,0.028,-0.9914,17535.66016,0
2758,0.157,0.806,0.037,-0.9926,17547.36914,1
2759,0.167,0.754,0.079,-0.9862,17711.93945,0
2760,0.126,0.774,0.1,-0.9387,17590.66016,0
2764,0.2,0.771,0.029,-0.9974,17405.48047,0
2765,0.196,0.736,0.068,-0.9972,17147.5,1
2766,0.194,0.768,0.038,-0.9954,17154.83008,0
2767,0.139,0.788,0.073,-0.9881,16888.35938,0
2768,0.129,0.827,0.044,-0.9907,16519.16992,0
2771,0.118,0.841,0.042,-0.9795,16358.70996,1
2772,0.164,0.755,0.082,-0.9731,16419.10938,1
2773,0.145,0.743,0.112,-0.9618,16526.63086,0
2774,0.193,0.748,0.059,-0.9949,16159.00977,1
2775,0.176,0.778,0.046,-0.9914,16354.33008,0
2779,0.177,0.743,0.08,-0.9924,16009.4502,1
2780,0.12,0.82,0.061,-0.9745,15989.4502,0
2781,0.071,0.889,0.04,-0.963,15768.87012,1
2782,0.219,0.735,0.046,-0.9971,15921.09961,1
2785,0.173,0.778,0.049,-0.9951,16086.45996,0
2786,0.207,0.723,0.07,-0.996,15893.16016,1
2787,0.22,0.714,0.066,-0.998,16168.74023,0
2788,0.146,0.747,0.107,-0.9545,15960.28027,1
2789,0.228,0.641,0.131,-0.9918,16090.25977,1
2792,0.108,0.806,0.086,-0.9124,16453.63086,0
2793,0.1,0.843,0.057,-0.9723,16420.21094,0
2794,0.197,0.746,0.057,-0.9969,16186.2002,1
2795,0.101,0.825,0.074,-0.9529,16329.66992,1
2796,0.127,0.816,0.057,-0.9894,16417.94922,0
2799,0.132,0.796,0.073,-0.9846,16147.50977,0
2800,0.142,0.816,0.042,-0.9872,16005.41016,1
2801,0.253,0.685,0.062,-0.998,16035.61035,0
2802,0.123,0.863,0.014,-0.9939,15897.82031,0
2803,0.069,0.851,0.08,0.6011,15691.62012,1
2807,0.118,0.826,0.057,-0.983,16012.38965,1
2808,0.116,0.815,0.069,-0.959,16217.98047,1
2809,0.187,0.762,0.051,-0.9954,16483.75977,0
2810,0.162,0.791,0.047,-0.9937,16410.96094,0
2813,0.125,0.806,0.069,-0.9784,16417.13086,1
2814,0.143,0.777,0.08,-0.9753,16610.39063,0
2815,0.207,0.749,0.044,-0.9977,16418.83984,1
2816,0.142,0.788,0.071,-0.9859,16504.38086,1
2817,0.169,0.792,0.039,-0.9968,16712.69922,0
2820,0.152,0.78,0.067,-0.9923,16634.15039,0
2821,0.175,0.782,0.043,-0.9959,16545.66992,1
2822,0.107,0.844,0.049,-0.9829,16851.16992,1
2823,0.183,0.75,0.067,-0.994,16896.16992,1
2824,0.12,0.845,0.035,-0.974,16945,1
2827,0.1,0.833,0.067,-0.9539,16991.28906,1
2828,0.171,0.773,0.055,-0.9942,17050.66992,0
2829,0.146,0.781,0.073,-0.987,16969.16992,1
2830,0.216,0.741,0.043,-0.9982,17006.05078,0
2831,0.17,0.768,0.062,-0.992,17014.99023,1
2834,0.11,0.838,0.051,-0.9829,17207.49023,1
2835,0.195,0.726,0.079,-0.9938,17217.15039,1
2836,0.11,0.864,0.026,-0.9869,17249.33984,1
2837,0.116,0.824,0.059,-0.9801,17321.38086,1
2838,0.181,0.764,0.055,-0.9961,17481.49023,1
2841,0.098,0.861,0.041,-0.9456,17589.69922,1
2842,0.218,0.709,0.073,-0.9965,17602.71094,0
2843,0.139,0.795,0.066,-0.9806,17588.81055,0
2844,0.236,0.694,0.071,-0.9981,17485.33008,1
2847,0.204,0.757,0.04,-0.9985,17526.08008,1
2848,0.117,0.807,0.075,-0.9349,17512.58008,1
2849,0.173,0.765,0.062,-0.9955,17652.35938,1
2850,0.128,0.791,0.08,-0.9748,17716.05078,0
2851,0.118,0.816,0.065,-0.9844,17661.74023,1
2854,0.112,0.845,0.043,-0.984,17799.39063,0
2855,0.112,0.849,0.039,-0.9811,17718.0293,0
2856,0.107,0.855,0.038,-0.9437,17605.44922,1
2857,0.145,0.797,0.058,-0.9828,17687.2793,0
2858,0.12,0.81,0.07,-0.9682,17555.39063,1
2861,0.139,0.783,0.079,-0.9843,17586.48047,0
2862,0.12,0.821,0.06,-0.9738,17571.33984,1
2863,0.183,0.756,0.06,-0.9932,17741.66016,1
2864,0.13,0.809,0.061,-0.9879,17912.25,1
2865,0.116,0.858,0.026,-0.9839,17925.94922,0
2868,0.141,0.781,0.078,-0.9869,17890.19922,1
2869,0.143,0.799,0.058,-0.9897,18012.09961,1
2870,0.121,0.804,0.076,-0.9648,18059.49023,1
2871,0.1,0.831,0.069,-0.9005,18092.83984,0
2872,0.146,0.744,0.11,-0.9432,17985.05078,1
2875,0.142,0.806,0.052,-0.994,17990.93945,0
2876,0.196,0.735,0.069,-0.9934,17987.38086,1
2877,0.13,0.804,0.066,-0.9861,17996.14063,1
2878,0.125,0.784,0.09,-0.9538,18023.88086,0
2879,0.12,0.846,0.034,-0.9875,17813.08984,0
2882,0.171,0.795,0.035,-0.9957,17783.7793,1
2883,0.134,0.761,0.104,-0.9497,17870.75,0
2884,0.14,0.814,0.046,-0.9842,17735.01953,0
2885,0.157,0.766,0.078,-0.9885,17664.48047,0
2886,0.119,0.86,0.021,-0.9904,17650.30078,1
2889,0.105,0.809,0.086,-0.8284,17743.84961,0
2890,0.177,0.775,0.048,-0.9967,17726.66016,1
2891,0.104,0.841,0.055,-0.9821,17919.0293,0
2892,0.096,0.86,0.043,-0.9779,17711.11914,1
2893,0.1,0.833,0.067,-0.9607,17711.11914,0
2896,0.154,0.781,0.065,-0.9933,17531.75977,1
2897,0.102,0.849,0.049,-0.981,17701.46094,0
2898,0.111,0.828,0.062,-0.973,17501.2793,1
2899,0.169,0.745,0.086,-0.9895,17514.16016,0
2900,0.184,0.762,0.054,-0.995,17437.32031,1
2903,0.217,0.729,0.054,-0.9975,17507.03906,0
2904,0.12,0.815,0.065,-0.9851,17525.18945,1
2905,0.18,0.767,0.053,-0.9968,17735.08984,1
2906,0.147,0.826,0.028,-0.9933,17859.51953,0
2907,0.095,0.864,0.041,-0.979,17826.84961,1
2911,0.148,0.778,0.074,-0.9905,17891.5,0
2912,0.119,0.832,0.049,-0.9859,17754.55078,1
2913,0.151,0.776,0.074,-0.9795,17789.05078,1
2914,0.105,0.815,0.08,-0.9062,17799.80078,1
2917,0.154,0.779,0.066,-0.9924,17825.68945,1
2918,0.093,0.841,0.066,-0.8806,17936.2207,1
2919,0.131,0.762,0.107,-0.872,17931.91016,1
2920,0.115,0.798,0.087,-0.9647,17969.98047,1
2921,0.14,0.789,0.071,-0.9891,17938.82031,0
2924,0.174,0.717,0.109,-0.9849,17830.5,0
2925,0.141,0.785,0.074,-0.9846,17710.76953,0
2926,0.177,0.773,0.05,-0.9942,17703.65039,0
2927,0.125,0.839,0.036,-0.9941,17602.23047,1
2928,0.184,0.747,0.069,-0.9933,17733.43945,0
2931,0.195,0.75,0.055,-0.998,17736.86914,1
2932,0.187,0.771,0.042,-0.9977,17827.33008,1
2933,0.114,0.811,0.074,-0.9812,17832.66992,0
2934,0.129,0.781,0.09,-0.9659,17844.10938,1
2935,0.089,0.87,0.041,-0.9133,17946.63086,0
2938,0.151,0.759,0.09,-0.9683,17355.21094,0
2939,0.137,0.763,0.1,-0.9633,17190.50977,1
2940,0.209,0.715,0.076,-0.9968,17456.01953,1
2941,0.211,0.735,0.053,-0.9978,17712.75977,1
2942,0.216,0.724,0.059,-0.9982,17924.24023,1
