,Open,Close,High,Low,Volume,neg,neu,pos,compound,label
0,29.23,29.33,29.52,29.17,55123400,0.137,0.863,0,-0.7783,0
1,29.1,28.99,29.129999,28.870001,48564100,0.051,0.847,0.102,0.9003,0
2,28.959999,28.85,29.07,28.809999,46831100,0,0.81,0.19,0.6597,0
3,29.559999,29.43,29.629999,29.219999,68529400,0,1,0,0,0
4,29.6,29.549999,29.6,29.32,46002500,0,0.833,0.167,0.5574,1
5,30.139999,30.190001,30.23,30.030001,102783700,0.048,0.868,0.084,0.126,1
6,29.709999,29.99,30.17,29.530001,53822100,0.071,0.85,0.079,0.0772,1
7,29.99,30.09,30.24,29.969999,31202100,0.121,0.718,0.161,0.5095,1
8,29.530001,29.99,30,29.4,37098300,0.039,0.897,0.064,0.0695,1
9,29.860001,29.98,30.030001,29.809999,26690600,0.119,0.73,0.151,0.1482,1
10,29.700001,29.809999,29.969999,29.440001,45774500,0.06,0.847,0.094,0.7767,1
11,29.65,29.93,30.1,29.530001,50220200,0.025,0.916,0.058,0.6633,0
12,30,29.959999,30.18,29.73,44636600,0.057,0.943,0,-0.6597,1
13,29.76,30.700001,30.75,29.65,99464300,0.012,0.956,0.031,0.5334,1
14,30.65,31.209999,31.389999,30.639999,103972500,0.029,0.859,0.113,0.6597,0
15,31.26,31.1,31.440001,31.01,58519600,0.023,0.977,0,-0.4767,0
16,31.15,31,31.370001,30.799999,56364300,0.015,0.868,0.117,0.8271,0
17,31.059999,30.719999,31.120001,30.51,56143900,0.031,0.824,0.145,0.9595,1
18,30.629999,30.74,30.959999,30.52,49171200,0.031,0.884,0.084,0.4019,0
19,31.08,30.450001,31.48,30.450001,97378700,0,0.954,0.046,0.6494,0
20,30.65,30.530001,30.780001,30.34,57605900,0.029,0.841,0.13,0.8442,0
21,30.57,30.48,30.639999,30.139999,61900400,0.058,0.866,0.076,0.6705,0
22,30.84,30.559999,30.940001,30.370001,55355800,0.031,0.792,0.177,0.9861,0
23,29.969999,29.610001,30.02,29.41,99102100,0.137,0.809,0.054,-0.9035,0
24,29.59,29.51,29.75,29.219999,79281100,0.098,0.841,0.061,-0.4019,1
25,29.24,29.26,29.799999,29.200001,48749000,0.025,0.837,0.138,0.8625,0
26,29.58,29.459999,29.65,29.219999,63858100,0.213,0.695,0.093,-0.6833,1
27,28.629999,28.83,28.860001,28.469999,53978200,0.117,0.685,0.198,0.1655,1
28,28.75,29.35,29.389999,28.74,68604900,0,0.821,0.179,0.5859,0
29,29.219999,28.9,29.280001,28.889999,63787100,0.093,0.795,0.112,0.7096,1
30,28.959999,29.07,29.09,28.82,63481900,0,1,0,0,1
31,27.950001,28.17,28.25,27.92,86333300,0.251,0.749,0,-0.6908,0
32,28.02,27.76,28.16,27.76,63254700,0.058,0.87,0.071,0.25,1
33,27.49,27.549999,27.91,27.41,56454300,0.023,0.842,0.135,0.9265,0
34,27.76,27.610001,27.9,27.549999,52044700,0,0.879,0.121,0.8658,0
35,27.42,27.290001,27.48,27.030001,80125000,0,0.874,0.126,0.9382,1
36,27.18,27.440001,27.48,27.129999,36516400,0,0.915,0.085,0.7783,1
37,26.82,27.4,27.4,26.73,75730300,0,0.947,0.053,0.6486,0
38,27.32,27.280001,27.469999,27.200001,51757100,0.058,0.863,0.079,0.5623,1
39,27.34,27.83,27.83,27.200001,49412000,0.106,0.859,0.034,-0.6486,0
40,27.93,27.84,28.16,27.76,47902400,0.068,0.864,0.067,0.2263,0
41,28.52,28.27,28.549999,28.01,47934900,0.021,0.979,0,-0.2183,0
42,28.040001,27.719999,28.16,27.65,58979800,0.019,0.914,0.068,0.5719,0
43,27.84,27.75,27.85,27.49,42629900,0,1,0,0,1
44,27.75,27.870001,27.950001,27.5,47061000,0,1,0,0,1
45,28.32,28.549999,28.65,28.299999,30131200,0.035,0.857,0.108,0.8694,0
46,28.58,28.57,28.719999,28.389999,31384600,0,0.863,0.137,0.9152,1
47,28.059999,28.540001,28.620001,28.040001,43762100,0.104,0.896,0,-0.7783,1
48,28.6,28.73,28.75,28.209999,30740100,0.045,0.811,0.144,0.9245,0
49,28.610001,28.6,28.67,28.360001,41778400,0,0.769,0.231,0.6908,1
50,28.34,28.690001,28.889999,28.26,43648800,0.101,0.816,0.084,-0.736,0
51,28.959999,28.780001,28.99,28.67,41739100,0.043,0.896,0.062,0.5574,0
52,28.790001,28.790001,28.959999,28.59,34236700,0.095,0.873,0.033,-0.34,1
53,29.09,29.1,29.35,28.91,68760300,0.011,0.878,0.111,0.9168,0
54,30.129999,29.940001,30.370001,29.940001,67788800,0.053,0.947,0,-0.5859,1
55,29.940001,30.4,30.42,29.9,73539300,0.095,0.782,0.122,0.204,1
56,30.6,30.969999,31,30.530001,82036800,0.012,0.826,0.162,0.9612,1
57,30.52,30.709999,30.76,30.48,59889100,0,0.883,0.117,0.5106,1
58,30.68,30.75,30.940001,30.58,60551700,0,0.887,0.113,0.4927,0
59,30.68,30.58,30.93,30.530001,55398600,0.025,0.84,0.135,0.91,1
60,30.57,30.889999,30.98,30.549999,43425300,0.104,0.896,0,-0.5719,0
61,31.030001,30.98,31.139999,30.959999,41045600,0.032,0.835,0.134,0.9485,0
62,30.969999,30.83,30.99,30.58,58453000,0.02,0.939,0.041,0.3612,1
63,30.280001,30.48,30.66,30.18,47726500,0,0.936,0.064,0.5423,1
64,30.549999,31.110001,31.129999,30.51,57376800,0,0.85,0.15,0.9022,0
65,31.120001,30.690001,31.16,30.610001,85290500,0.064,0.877,0.059,0.3632,1
66,30.42,30.719999,30.76,30.4,41434500,0.03,0.863,0.107,0.6597,0
67,30.620001,30.58,30.629999,30.33,44265000,0.032,0.925,0.043,-0.0899,0
68,30.02,29.620001,30.290001,29.59,71971400,0.113,0.719,0.169,0.5423,1
69,29.58,30.049999,30.059999,29.41,61346200,0.064,0.936,0,-0.128,0
70,29.959999,29.85,30.24,29.77,56981800,0.066,0.908,0.026,-0.6774,1
71,30.35,30.52,30.709999,30.299999,59065700,0.111,0.767,0.122,0.2729,0
72,30.48,30.459999,30.66,30.379999,46802600,0.114,0.765,0.121,0.34,1
73,29.98,30.219999,30.299999,29.91,56564800,0.017,0.845,0.138,0.8608,0
74,30,29.49,30.1,29.450001,86219900,0,0.963,0.037,0.4767,0
75,29.549999,29.52,29.799999,29.5,48340300,0,0.936,0.064,0.7469,1
76,29.360001,29.870001,29.950001,29.360001,53468600,0.034,0.911,0.054,0.2023,0
77,29.870001,29.469999,29.93,29.040001,71193900,0.1,0.9,0,-0.4194,1
78,29.790001,30.02,30.219999,29.780001,35202600,0.082,0.873,0.044,-0.379,0
79,30.049999,29.99,30.219999,29.83,47838500,0,0.872,0.128,0.8257,1
80,29.860001,29.870001,29.950001,29.809999,33831400,0.144,0.818,0.038,-0.9482,0
81,29.700001,29.33,29.99,29.18,66013500,0.073,0.745,0.182,0.8941,1
82,29.559999,30.07,30.110001,29.440001,54302400,0.03,0.901,0.069,0.4215,1
83,29.76,30.030001,30.24,29.719999,48023200,0,1,0,0,1
84,30.02,30.780001,30.879999,30.01,77539600,0.057,0.92,0.023,-0.5574,1
85,31.049999,31.51,31.84,30.93,121159300,0,1,0,0,1
86,31.15,31.16,31.200001,30.790001,98292600,0.023,0.885,0.092,0.7906,0
87,31.01,30.799999,31.48,30.709999,59729300,0.023,0.789,0.188,0.8316,0
88,30.99,30.709999,31.299999,30.370001,54950100,0.051,0.786,0.164,0.9445,0
89,29.93,29.389999,30,29.360001,69214600,0.141,0.687,0.172,0.7739,1
90,28.950001,29.299999,29.549999,28.82,80006300,0,1,0,0,0
91,29.450001,28.959999,29.780001,28.9,61535500,0.047,0.892,0.061,0.34,1
92,29.049999,29.540001,29.540001,28.75,59530500,0,0.796,0.204,0.7096,1
93,29.33,29.549999,29.790001,29.049999,49163000,0.089,0.852,0.059,-0.3182,1
94,29.719999,30,30.01,29.209999,52898600,0,0.774,0.226,0.9612,0
95,28.77,28.27,28.889999,28.200001,42944100,0.096,0.76,0.145,0.6633,0
96,28.24,28.1,28.99,28.049999,48117700,0,0.865,0.135,0.5719,1
97,28.09,28.25,28.25,27.82,76747700,0.071,0.929,0,-0.296,1
98,28.18,28.26,28.49,28.08,49952000,0,0.756,0.244,0.872,0
99,28.27,28.219999,28.32,28.01,44763500,0,0.898,0.102,0.7003,0
100,28.610001,28.49,28.77,28.4,32789500,0.019,0.857,0.124,0.8772,1
101,28.5,28.809999,29.1,28.48,45689600,0.038,0.863,0.099,0.765,1
102,28.559999,28.91,29.01,28.549999,45430800,0.137,0.807,0.056,-0.4404,0
103,28.620001,28.440001,28.83,28.32,52160900,0.108,0.833,0.059,-0.8214,1
104,28.629999,28.93,28.950001,28.58,34380800,0,0.8,0.2,0.7184,1
105,28.809999,28.93,29.17,28.799999,42364700,0.029,0.883,0.088,0.7096,1
106,28.98,29.040001,29.110001,28.879999,33496600,0,0.959,0.041,0.4588,1
107,28.700001,28.93,28.969999,28.27,77462400,0.062,0.846,0.092,0.7695,0
108,28.870001,28.67,28.91,28.299999,94242200,0.073,0.728,0.2,0.8971,0
109,28.690001,28.65,28.809999,28.440001,135636100,0.082,0.71,0.208,0.5574,1
110,28.809999,29.08,29.610001,28.799999,104459800,0.017,0.903,0.08,0.8827,0
111,29.68,29.5,29.85,29.48,60337000,0.071,0.767,0.162,0.8924,0
112,29.700001,29.49,29.719999,29.440001,43407100,0.05,0.748,0.202,0.9628,1
113,29.459999,29.77,29.790001,29.41,43875100,0.053,0.947,0,-0.4404,0
114,29.700001,29.700001,29.85,29.57,33700900,0,0.959,0.041,0.3818,1
115,29.559999,29.709999,29.77,29.440001,37868000,0.075,0.807,0.117,0.8142,0
116,29.889999,29.84,29.99,29.73,45012300,0.029,0.883,0.088,0.7003,1
117,30.030001,30.1,30.389999,30,63603100,0.014,0.828,0.158,0.9393,0
118,30.299999,29.91,30.629999,29.790001,50788400,0,0.865,0.135,0.8748,1
119,30.030001,30.17,30.4,29.950001,31121100,0.035,0.897,0.068,0.25,1
120,30.24,30.32,30.58,30.23,56286200,0,0.88,0.12,0.25,0
121,31.219999,31.16,31.23,30.629999,49208600,0,0.957,0.043,0.4791,0
122,31.09,30.17,31.09,30.110001,75200200,0,0.893,0.107,0.3291,1
123,30.709999,30.9,31.120001,30.709999,49956200,0.039,0.827,0.134,0.9456,1
124,30.85,31.25,31.299999,30.5,77979200,0.032,0.855,0.113,0.6124,0
125,36.009998,35.029999,36.029999,34.560001,288121200,0.07,0.762,0.168,0.9413,0
126,34.849998,34.57,35.290001,34.450001,114655600,0.077,0.774,0.149,0.7906,1
127,35.52,36.810001,37,35.509998,185635800,0.021,0.86,0.119,0.9118,1
128,36.529999,37.060001,37.490002,36.360001,152078800,0.118,0.786,0.096,0.3804,0
129,36.759998,36.73,37.099998,36.630001,75485400,0.157,0.737,0.107,-0.7003,0
130,36.59,36.41,36.66,35.869999,100966700,0.09,0.79,0.12,0.6597,0
131,35.599998,34.740002,35.900002,34.400002,133742400,0.055,0.846,0.099,0.8074,1
132,33.540001,34.459999,34.669998,33.380001,104311500,0.016,0.892,0.092,0.8838,0
133,34.619999,33.93,34.75,33.75,84063100,0.031,0.907,0.062,0.296,1
134,33.860001,34.09,34.259998,33.709999,71113800,0.143,0.804,0.054,-0.4588,0
135,33.959999,33.959999,34.240002,33.869999,63026200,0.071,0.779,0.15,0.6046,0
136,34.400002,34.23,34.73,34.18,89518700,0,0.826,0.174,0.8519,0
137,34.09,32.970001,34.369999,32.93,80335000,0,1,0,0,1
138,33.580002,33.59,33.93,33.310001,53633600,0.113,0.724,0.163,0.0258,0
139,33.5,32.919998,33.639999,32.68,61770600,0,0.905,0.095,0.4939,0
140,34.610001,34.529999,34.700001,34.220001,40771000,0.07,0.847,0.082,0.128,0
141,34.73,34.099998,34.990002,33.93,55070700,0,0.818,0.182,0.8402,0
142,34.610001,34.470001,35.09,33.93,63345400,0.089,0.82,0.092,0.0258,1
143,34.48,35.220001,35.450001,34.279999,73913200,0.02,0.898,0.082,0.7346,1
144,35.049999,35.310001,35.84,35.009998,71126200,0.067,0.779,0.154,0.9593,1
145,34.639999,34.740002,35,34.209999,52791800,0.034,0.712,0.253,0.9325,1
146,34.689999,34.790001,35.139999,34.380001,58469100,0.081,0.8,0.118,0.25,1
147,35.900002,36.060001,36.060001,35.75,83240500,0,0.849,0.151,0.796,0
148,36.349998,35.970001,36.549999,35.939999,33311100,0,0.872,0.128,0.6124,0
149,35.900002,35.599998,35.990002,35.52,35229700,0.041,0.82,0.139,0.9228,0
150,35.189999,34.380001,35.200001,34.09,72090800,0.093,0.801,0.105,-0.0772,0
151,34.709999,33.450001,34.709999,33.400002,79148300,0,0.893,0.107,0.8608,1
152,33.360001,34.439999,34.540001,33.349998,74305500,0.049,0.915,0.037,-0.4019,0
153,34.139999,33.91,34.240002,33.720001,55187900,0.059,0.814,0.127,0.6908,0
154,34.459999,34.389999,34.57,34.080002,52792200,0.025,0.885,0.09,0.9341,0
155,33.419998,33.23,33.650002,32.509998,120778500,0,0.964,0.036,0.3612,0
156,33.16,33.009998,34,32.970001,117062000,0.212,0.788,0,-0.7783,1
157,31.540001,31.959999,32.529999,31.5,108521400,0,0.926,0.074,0.1779,1
158,32.349998,33.25,33.360001,32.119999,155640400,0.033,0.804,0.162,0.8555,0
159,34.900002,32.939999,35,32.869999,196992300,0.048,0.795,0.157,0.9289,1
160,31.91,32.599998,32.740002,31.719999,103642200,0.022,0.856,0.122,0.9793,0
161,31.059999,30.450001,33.25,30.25,291138900,0.063,0.744,0.192,0.9823,0
162,29.91,29.07,29.940001,28.889999,137534100,0.077,0.734,0.189,0.9529,0
163,29.280001,28.52,29.35,28.290001,138315600,0.089,0.81,0.1,0.1691,1
164,28.290001,28.559999,29.08,28.24,124872000,0.13,0.732,0.137,-0.0516,0
165,28.52,28.209999,28.610001,27.91,156814100,0.137,0.819,0.044,-0.9719,1
166,28.620001,28.959999,29.049999,28.530001,88986200,0.06,0.909,0.031,-0.5346,0
167,28.879999,28.5,29.040001,28.459999,69113500,0.046,0.859,0.094,0.9482,0
168,28.799999,28.17,28.84,28.07,68261200,0.227,0.736,0.037,-0.6908,0
169,28.620001,28.1,28.959999,27.959999,98776500,0.063,0.829,0.108,0.824,0
170,28.24,27.68,28.389999,27.200001,125705400,0.062,0.773,0.165,0.9029,1
171,27.74,28.379999,28.860001,27.67,108923500,0.052,0.775,0.173,0.9535,1
172,28.190001,28.26,28.68,28.1,75199500,0.108,0.828,0.065,-0.6705,1
173,27.02,27.59,27.629999,26.959999,86925600,0.055,0.826,0.119,0.8557,1
174,27.75,28.120001,28.41,27.700001,106489800,0.179,0.774,0.047,-0.9427,1
175,27.34,27.870001,28.07,27.32,77597600,0.162,0.812,0.025,-0.8442,1
176,28.4,29.280001,29.34,28.379999,98740700,0.064,0.802,0.134,0.8392,0
177,29.43,28.629999,29.49,28.540001,75993800,0.045,0.903,0.051,-0.0772,0
178,28.719999,27.959999,29.01,27.639999,105214900,0.079,0.722,0.199,0.5106,1
179,27.299999,28.299999,28.73,27.280001,84490100,0,1,0,0,0
180,29.379999,28.620001,29.59,28.620001,61442100,0.092,0.832,0.077,-0.2023,0
181,29.33,29.17,29.4,29.059999,48294700,0.077,0.892,0.03,-0.3818,0
182,29.33,29.139999,29.370001,28.940001,49149000,0,1,0,0,0
183,28.48,28.049999,28.49,28,47894400,0.075,0.793,0.132,0.7783,0
184,28.23,27.91,28.43,27.83,49244000,0.129,0.805,0.066,-0.7003,1
185,28.83,29.5,29.540001,28.629999,65796200,0.074,0.875,0.051,-0.25,0
186,29,29,29.32,28.799999,38961400,0.07,0.775,0.156,0.8979,1
187,29.129999,29.16,29.26,28.74,43860800,0,1,0,0,0
188,28.940001,28.75,29,28.540001,44733500,0.022,0.856,0.121,0.8271,1
189,28.719999,28.889999,29.040001,28.540001,45839300,0.115,0.832,0.053,-0.7783,0
190,28.870001,28.280001,29.01,28.209999,54373700,0,0.655,0.345,0.7003,1
191,28.57,28.950001,29.049999,28.379999,54107400,0.106,0.817,0.076,-0.0258,0
192,30.01,30,30.1,29.610001,73658900,0,0.802,0.198,0.7506,1
193,30.190001,30.42,30.6,30.120001,54411700,0.053,0.92,0.027,-0.6632,1
194,30.450001,31.450001,31.459999,30.299999,98351500,0.028,0.842,0.13,0.932,0
195,30.049999,29.83,30.389999,29.6,145194900,0.091,0.72,0.189,0.9517,0
196,29.799999,28.99,29.84,28.82,97473000,0.037,0.886,0.077,0.4588,0
197,28.74,28.52,29.209999,28.51,74733600,0.034,0.894,0.071,0.6908,1
198,28.5,29.4,29.49,28.48,71699400,0.024,0.913,0.062,0.6597,0
199,29.93,29.08,30.23,28.99,119687700,0.04,0.894,0.066,0.802,1
200,29,29.700001,29.860001,28.93,93582000,0.075,0.816,0.11,0.8338,0
201,29.690001,29.209999,30.139999,29.08,88775000,0,0.853,0.147,0.6705,0
202,29.280001,29.27,29.389999,29,69589900,0.062,0.853,0.085,0.755,1
203,29.4,29.99,30.059999,29.35,64278800,0.078,0.871,0.051,-0.3313,0
204,30,29.780001,30.129999,29.530001,70934700,0.084,0.873,0.043,-0.6289,1
205,29.98,30.450001,30.530001,29.940001,53355800,0.067,0.903,0.03,-0.5106,0
206,30.469999,29.99,30.48,29.92,81538200,0.166,0.811,0.023,-0.9783,0
207,29.299999,28.76,29.309999,28.629999,75767600,0.013,0.859,0.127,0.9505,0
208,28.809999,28.25,29.049999,28.190001,60125100,0.099,0.901,0,-0.5423,0
209,28.26,28.049999,28.33,27.950001,48890700,0.064,0.866,0.07,0.3818,0
210,28.559999,28.18,28.57,28.040001,52318500,0.054,0.946,0,-0.4767,1
211,28.209999,28.309999,28.68,28.139999,47699200,0.007,0.882,0.111,0.9326,0
212,28.24,27.799999,28.360001,27.549999,77028400,0,0.868,0.132,0.8576,0
213,27.91,27.309999,28.309999,27.27,86616700,0.058,0.889,0.052,0.0757,1
214,27.719999,28.299999,28.299999,27.6,76063400,0,0.965,0.035,0.4404,1
215,27.360001,27.889999,28.290001,27.32,77433900,0.048,0.889,0.064,0.4404,1
216,27.4,28.24,28.549999,27.190001,113996300,0,0.908,0.092,0.8836,0
217,29.02,28.93,29.110001,28.639999,74718900,0,0.659,0.341,0.9712,0
218,29.040001,28.799999,29.120001,28.790001,44256700,0.182,0.702,0.116,0.0258,1
219,28.549999,28.93,29.190001,28.33,62037800,0.036,0.819,0.145,0.9201,0
220,28.9,28.23,28.92,28.1,97480400,0.089,0.806,0.105,0.2023,0
221,27.92,27.73,28.01,27.51,65218300,0.073,0.787,0.14,0.3182,0
222,28.030001,27.75,28.200001,27.75,67049100,0.064,0.777,0.158,0.5423,0
223,27.68,27.629999,27.91,27.459999,73450200,0.081,0.874,0.045,-0.7906,0
224,27.73,27.51,27.98,27.49,57830500,0.049,0.951,0,-0.4215,0
225,26.9,25.879999,27,25.879999,84669000,0,1,0,0,1
226,25.969999,25.98,26.1,25.6,37074500,0,0.908,0.092,0.8181,0
227,25.93,25.85,26.200001,25.51,65553200,0.055,0.915,0.03,-0.1253,0
228,25.790001,25.23,25.85,25.18,54255800,0.048,0.952,0,-0.2263,1
229,25.16,25.25,25.639999,24.870001,69532600,0,1,0,0,0
230,25.48,25.15,25.809999,25.07,51216200,0.08,0.905,0.015,-0.9574,1
231,26.129999,27.26,27.290001,25.92,82060400,0.027,0.865,0.108,0.7452,0
232,27.58,27.52,27.91,27.110001,96526100,0.046,0.911,0.043,-0.1422,0
233,25.66,25.639999,26.17,25.530001,77575600,0.332,0.554,0.114,-0.8902,1
234,25.860001,26.43,26.84,25.85,79408800,0.059,0.803,0.138,0.8573,0
235,26.09,25.440001,26.17,25.440001,81092600,0.01,0.933,0.057,0.8176,0
236,26.059999,25.5,26.110001,25.34,59707800,0.036,0.899,0.065,0.4833,0
237,25.85,25.719999,26.280001,25.709999,60461000,0,0.901,0.099,0.34,1
238,26.9,27.389999,27.75,26.73,82565800,0.033,0.922,0.045,0.5719,1
239,27.780001,28.120001,28.360001,27.58,62813000,0,0.943,0.057,0.2023,0
240,28.07,27.91,28.5,27.76,51165200,0.276,0.647,0.077,-0.8074,0
241,27.98,27.809999,28.15,27.58,47267400,0.063,0.863,0.074,0.0516,0
242,27.540001,27.290001,27.58,27.17,41497200,0.069,0.748,0.183,0.6249,1
243,27.610001,27.66,27.84,27.459999,51381300,0,0.831,0.169,0.743,0
244,27.67,27.1,27.76,27.059999,66079200,0.051,0.844,0.105,0.6643,0
245,26.74,26.35,26.889999,26.35,66141900,0.089,0.798,0.113,0.6258,0
246,26.209999,26.120001,26.33,25.67,62110800,0,0.941,0.059,0.4019,0
247,26.200001,26.1,26.6,26.049999,85735700,0.107,0.834,0.059,-0.5719,1
248,26.1,27.34,27.459999,26.030001,72913300,0.062,0.906,0.031,-0.6486,1
249,27.139999,27.620001,27.74,26.940001,75628500,0,1,0,0,0
250,26.92,26.82,27.49,26.73,82349400,0,1,0,0,0
251,25.73,24.57,25.870001,24.5,106972100,0,0.922,0.078,0.4215,1
252,24.799999,25.26,25.35,24.01,132291300,0.201,0.665,0.135,-0.8452,0
253,26.219999,25.4,26.32,25.32,105207700,0,0.949,0.051,0.25,0
254,25.66,25.440001,26.17,25.34,92181300,0.083,0.848,0.069,-0.2263,1
255,25.58,25.719999,26.09,25.459999,80250300,0,0.83,0.17,0.8331,1
256,25.82,26.610001,26.879999,25.74,96203500,0.034,0.966,0,-0.4019,1
257,25.77,26.690001,26.690001,25.540001,107192700,0,1,0,0,1
258,26.18,26.25,26.530001,25.700001,93819800,0.091,0.828,0.082,0.0258,0
259,25.629999,24.91,25.99,24.139999,146374600,0.1,0.819,0.08,-0.507,0
260,23.77,22.299999,23.91,22.07,131948700,0.052,0.905,0.043,0.0644,1
261,22.940001,24.190001,24.190001,21.309999,161147800,0,1,0,0,1
262,23.57,23.93,25.110001,23.309999,133673100,0,1,0,0,0
263,24.299999,23.360001,25.01,23.27,100385600,0.152,0.775,0.072,-0.4588,0
264,23.040001,21.530001,23.059999,20.9,150054800,0.037,0.963,0,-0.2732,1
265,21.059999,21.959999,22.860001,20.950001,153919700,0.109,0.724,0.167,0.8074,1
266,21.639999,23.1,23.209999,21.34,134088800,0.088,0.822,0.09,-0.1613,0
267,23.129999,23,23.969999,22.700001,111701800,0,0.894,0.106,0.8688,0
268,22.530001,22.33,22.91,22.120001,93055200,0.384,0.616,0,-0.8934,1
269,23.129999,23.530001,23.66,22.870001,72123000,0.111,0.784,0.105,0.34,0
270,23.33,22.08,23.34,22.049999,81179700,0,0.717,0.283,0.8271,1
271,21.32,21.5,21.540001,21,71256300,0.089,0.773,0.138,0.743,0
272,21.85,21.299999,21.969999,21.190001,67106800,0.101,0.843,0.056,-0.5423,0
273,20.889999,20.299999,21,20.280001,90162300,0.245,0.669,0.086,-0.6124,0
274,20.559999,20.059999,21.34,19.65,96624500,0.034,0.933,0.034,0,0
275,19.74,19.32,20.24,19.15,97289000,0.096,0.87,0.034,-0.5859,0
276,19.629999,18.290001,19.950001,18.25,103010500,0.048,0.929,0.022,-0.128,0
277,18.120001,17.530001,18.84,17.5,139532800,0.108,0.765,0.127,0.4648,1
278,19.889999,20.690001,20.940001,19.870001,125289900,0,1,0,0,0
279,20.860001,19.99,20.93,19.549999,92948100,0.288,0.712,0,-0.5622,1
280,18.65,19.870001,19.9,18.6,80961500,0,0.828,0.172,0.6369,0
281,19.4,19.110001,19.92,18.790001,78719200,0.015,0.786,0.199,0.9413,0
282,20.110001,19.450001,20.120001,19.309999,83564300,0,0.726,0.274,0.8797,0
283,19.34,19.040001,19.440001,18.889999,59925900,0.078,0.851,0.071,-0.1531,1
284,19.209999,20.110001,20.18,19,97688700,0.219,0.729,0.052,-0.9231,0
285,19.860001,19.299999,20.02,18.99,80759200,0,0.866,0.134,0.9179,0
286,19.15,18.959999,19.209999,18.639999,58512800,0.058,0.854,0.088,0.4854,1
287,19.309999,19.440001,19.68,19.27,46419000,0.043,0.923,0.034,-0.0772,1
288,19.530001,20.33,20.4,19.370001,50084000,0,0.664,0.336,0.8225,1
289,20.75,20.76,21,20.610001,58083400,0.024,0.812,0.165,0.9319,1
290,19.629999,20.120001,20.190001,19.549999,70255400,0.184,0.775,0.041,-0.8074,0
291,20.17,19.52,20.299999,19.41,49815300,0,0.762,0.238,0.7574,0
292,19.530001,19.09,19.68,19.01,80257500,0,0.906,0.094,0.7269,1
293,19.629999,19.709999,19.91,19.15,79634100,0.056,0.846,0.098,0.4767,0
294,19.459999,18.48,19.620001,18.370001,89873000,0.121,0.773,0.106,-0.1027,0
295,18.049999,17.110001,18.18,17.07,222436600,0.08,0.89,0.03,-0.743,1
296,17.290001,17.629999,17.809999,17.23,92476500,0.043,0.87,0.087,0.3182,0
297,17.780001,17.66,17.969999,17.43,61695000,0.032,0.831,0.136,0.7317,0
298,17.780001,17.59,17.959999,17.559999,49192800,0.05,0.887,0.063,0.2869,1
299,17.85,18.5,18.610001,17.6,86865100,0.154,0.769,0.077,-0.296,1
300,18.540001,18.629999,19,18.5,75618000,0.113,0.781,0.106,-0.296,1
301,19.16,19.66,19.93,19.059999,86746000,0.029,0.829,0.142,0.9022,0
302,19.25,18.799999,19.799999,18.700001,83953200,0.081,0.919,0,-0.3875,0
303,19.27,19.09,19.469999,19.040001,47416000,0.104,0.856,0.04,-0.7269,0
304,18.49,18.09,18.5,17.889999,75853300,0,0.867,0.133,0.886,0
305,18.299999,17.91,18.379999,17.809999,49195600,0.074,0.847,0.079,0.1027,0
306,18.02,17.209999,18.15,17.16,70803400,0,0.758,0.242,0.8885,1
307,17.030001,17.17,17.35,16.360001,122674500,0.046,0.866,0.088,0.3818,0
308,17.049999,16.42,17.08,16.42,83219500,0.066,0.901,0.033,-0.5171,0
309,15.96,15.79,16.25,15.72,80602100,0.033,0.907,0.06,0.6124,0
310,16.030001,15.88,16.24,15.64,80476600,0,0.873,0.127,0.6369,0
311,15.35,15.28,15.62,14.87,92821400,0,0.853,0.147,0.8221,1
312,16.629999,17.110001,17.200001,16.43,84522200,0.1,0.9,0,-0.2732,0
313,16.98,16.65,17.049999,16.18,82965800,0.063,0.763,0.174,0.6249,1
314,16.32,16.9,16.9,16.26,62481000,0.02,0.921,0.059,0.4497,0
315,17.030001,16.959999,17.219999,16.6,70710700,0,0.877,0.123,0.4215,0
316,17.32,17.059999,17.65,16.879999,81725500,0,0.843,0.157,0.6369,1
317,17.370001,18.33,18.59,17.309999,71600000,0.03,0.907,0.062,0.5849,0
318,18.540001,18.129999,18.620001,18.049999,47670400,0,0.659,0.341,0.8979,0
319,17.74,17.48,17.76,17.27,49633000,0.047,0.874,0.078,0.5106,1
320,18.23,19.309999,19.360001,18.18,96438900,0.047,0.854,0.099,0.6881,0
321,19.5,19.290001,19.889999,19,99082300,0.029,0.934,0.037,0.25,1
322,18.540001,18.76,18.76,18.27,47476100,0,0.934,0.066,0.7506,0
323,19.690001,19.59,19.85,19.370001,44444700,0,1,0,0,1
324,19.16,19.76,19.780001,18.99,67688700,0.077,0.795,0.128,0.2537,0
325,18.889999,18.610001,18.950001,18.57,62937200,0,0.966,0.034,0.4019,1
326,18.59,18.969999,19.08,18.57,60928300,0.2,0.8,0,-0.6705,0
327,18.92,18.92,18.940001,18.469999,86116300,0.017,0.785,0.198,0.9845,1
328,19.82,20.91,21.200001,19.5,168478500,0.067,0.836,0.098,0.2656,1
329,20.110001,20.25,20.889999,20.059999,79301600,0,1,0,0,0
330,20.139999,19.790001,20.24,19.639999,66835500,0.083,0.859,0.057,-0.25,0
331,19.459999,19.42,19.639999,19.139999,67597600,0.079,0.859,0.061,-0.34,1
332,19.51,19.889999,20.059999,19.469999,71966800,0,0.78,0.22,0.5423,0
333,19.92,19.75,20,19.67,49281700,0,1,0,0,1
334,20.129999,20.219999,20.5,19.98,61289900,0,0.82,0.18,0.7101,1
335,20.360001,20.6,20.6,20.24,46073800,0.016,0.907,0.077,0.7968,0
336,19.93,19.75,20.17,19.469999,37318700,0.059,0.941,0,-0.4019,1
337,20.32,20.450001,20.629999,20.049999,45480800,0.061,0.83,0.109,0.8591,1
338,20.559999,20.889999,20.940001,20.299999,46134900,0.067,0.828,0.106,0.7378,1
339,21.360001,21.4,21.98,21.200001,48935700,0,1,0,0,1
340,21.309999,21.73,21.76,21.290001,56039600,0,0.856,0.144,0.6369,1
341,21.959999,22.139999,22.309999,21.809999,59579200,0.022,0.868,0.109,0.8176,1
342,21.98,22.049999,22.32,21.629999,49000600,0,0.891,0.109,0.9058,1
343,23.23,23.42,23.540001,23.02,69089600,0.064,0.812,0.124,0.5859,0
344,23.620001,23.5,23.690001,23.299999,58852200,0,0.868,0.132,0.6966,0
345,23.950001,23.280001,23.950001,23.25,71291600,0,1,0,0,0
346,23.379999,23.34,23.66,23.209999,56752700,0.051,0.747,0.202,0.867,0
347,23.57,23.35,23.690001,23.32,65126400,0.043,0.957,0,-0.4404,1
348,23.6,23.860001,24.030001,23.549999,62854900,0,0.909,0.091,0.5994,0
349,24.049999,24.040001,24.299999,23.959999,54908400,0.117,0.725,0.158,0.2382,0
350,23.209999,23.200001,23.280001,22.870001,49207700,0.021,0.867,0.112,0.8981,0
351,22.65,22.440001,22.809999,22.370001,46981200,0.048,0.82,0.132,0.9466,1
352,22.190001,22.389999,22.540001,22.15,43229200,0.044,0.855,0.102,0.3612,1
353,22.42,23.23,23.290001,22.139999,67584000,0.046,0.861,0.093,0.7579,0
354,23.200001,23.110001,23.219999,22.860001,45448700,0.069,0.893,0.038,-0.2023,1
355,23.93,24.440001,24.440001,23.860001,64555100,0.069,0.691,0.24,0.6369,0
356,24.4,24.290001,24.450001,24.1,52860100,0.114,0.82,0.066,-0.2732,1
357,24.700001,24.799999,24.9,24.51,66192500,0,0.959,0.041,0.2263,0
358,23.610001,23.450001,23.889999,22.809999,215135700,0.038,0.9,0.062,0.34,1
359,22.99,23.469999,23.549999,22.9,70288400,0,1,0,0,1
360,23.73,23.799999,23.91,23.34,73626900,0,0.751,0.249,0.9313,0
361,23.77,23.52,24.07,23.5,54258200,0.042,0.881,0.076,0.5267,1
362,23.82,23.83,23.860001,23.5,46902900,0,0.97,0.03,0.2023,0
363,23.459999,23.42,23.549999,23.299999,35261900,0.067,0.888,0.045,-0.6124,1
364,23.129999,23.530001,23.9,23.030001,61972300,0.144,0.741,0.115,-0.2808,0
365,23.629999,23.620001,23.85,23.4,38954500,0.064,0.758,0.178,0.8473,1
366,23.25,23.65,23.719999,23.25,41821300,0.057,0.943,0,-0.1027,1
367,23.6,23.67,23.870001,23.540001,39505900,0.071,0.844,0.084,0,1
368,23.93,24.41,24.42,23.77,69011400,0,0.822,0.178,0.6486,1
369,24.6,24.639999,24.82,24.459999,43980300,0,0.89,0.11,0.7096,1
370,24.41,24.690001,24.780001,24.299999,45495600,0,0.97,0.03,0.466,0
371,25.07,24.68,25.49,24.610001,55808000,0.081,0.919,0,-0.4767,1
372,24.57,24.65,24.85,24.290001,49592800,0.039,0.923,0.038,-0.0258,1
373,23.82,23.860001,24.139999,23.780001,40771300,0,1,0,0,1
374,23.91,24.110001,24.139999,23.76,34120000,0.03,0.823,0.147,0.8999,1
375,24.620001,24.82,24.84,24.41,53737100,0.052,0.902,0.046,-0.1779,1
376,24.74,24.780001,24.950001,24.67,49900300,0,0.803,0.197,0.765,0
377,24.93,24.860001,25.17,24.809999,54303500,0,0.794,0.206,0.8979,1
378,24.969999,25.200001,25.27,24.860001,44716600,0,0.805,0.195,0.9022,0
379,25.459999,25.26,25.48,25.1,68016500,0,1,0,0,0
380,25.92,25.709999,26.25,25.639999,60599900,0,0.93,0.07,0.3818,0
381,25.690001,25.549999,25.82,25.52,50158900,0.016,0.834,0.15,0.8369,1
382,25.6,25.83,26.16,25.6,44358000,0.064,0.831,0.105,0.6908,1
383,24.459999,24.959999,25.09,24.43,51219700,0,1,0,0,0
384,24.98,24.639999,25.059999,24.52,60804900,0.105,0.862,0.034,-0.6124,1
385,24.99,25.1,25.18,24.879999,38472700,0.074,0.708,0.218,0.5994,1
386,25.440001,25.67,25.9,25.219999,60521300,0.112,0.757,0.131,0.2732,1
387,25.66,25.719999,25.889999,25.549999,29145800,0.096,0.729,0.174,0.8384,0
388,26.139999,25.959999,26.200001,25.82,45365500,0,0.872,0.128,0.7096,1
389,25.9,26.709999,26.709999,25.9,65620100,0.015,0.746,0.24,0.9825,0
390,26.49,26.360001,26.58,26.25,48143200,0,0.918,0.082,0.9442,1
391,26.459999,26.58,26.75,26.389999,61672700,0,0.892,0.108,0.8151,1
392,26.559999,26.59,26.719999,26.129999,61600000,0.021,0.912,0.067,0.8301,1
393,28.129999,28.68,29.02,28.110001,124149700,0.096,0.904,0,-0.5267,0
394,28.73,28.59,28.879999,28.440001,69685800,0,1,0,0,1
395,28.07,28.219999,28.41,27.85,65225500,0.024,0.872,0.104,0.9524,0
396,27.639999,27.530001,27.74,27.43,50294800,0.024,0.868,0.107,0.7269,1
397,28.9,29.01,29.280001,28.809999,65881100,0.065,0.767,0.168,0.8955,1
398,29.08,29.120001,29.299999,29.02,49693400,0.035,0.792,0.173,0.9287,1
399,29.469999,29.629999,29.790001,29.370001,53037600,0.039,0.866,0.095,0.4588,0
400,29.610001,29.540001,29.799999,29.370001,54129500,0.183,0.746,0.071,-0.5106,1
401,30,30.110001,30.139999,29.809999,59431200,0,0.841,0.159,0.7906,0
402,29.66,29.620001,29.77,29.43,42647100,0,0.844,0.156,0.8047,1
403,29.84,29.940001,30.01,29.700001,41832700,0.065,0.935,0,-0.2732,1
404,29.15,29.41,29.450001,29,44172000,0.026,0.89,0.084,0.5574,0
405,29.84,29.83,30.200001,29.76,43095200,0.034,0.764,0.202,0.988,0
406,30.049999,29.98,30.370001,29.83,58810700,0,0.836,0.164,0.6486,1
407,29.52,29.57,29.74,29.379999,37402200,0.044,0.848,0.108,0.7964,1
408,29.709999,29.870001,29.959999,29.66,45940200,0.056,0.599,0.346,0.9319,1
409,29.889999,30.02,30.209999,29.879999,49473200,0.068,0.817,0.115,0.6369,1
410,30.6,30.82,30.93,30.540001,36321000,0.046,0.88,0.074,0.34,1
411,30.709999,30.92,30.950001,30.690001,28362700,0.251,0.749,0,-0.8937,1
412,31,31.17,31.18,30.889999,25384000,0.232,0.651,0.118,-0.6108,1
413,30.85,30.959999,31.1,30.639999,49749600,0.042,0.802,0.156,0.9371,0
414,30.879999,30.77,31.08,30.52,58182400,0.047,0.856,0.097,0.4019,0
415,30.15,30.07,30.4,29.91,65912100,0,0.807,0.193,0.8885,1
416,30.26,30.35,30.52,30.01,51863500,0.103,0.8,0.096,-0.1531,0
417,31.08,30.860001,31.24,30.709999,79913200,0.064,0.682,0.254,0.9628,1
418,30.75,31.1,31.24,30.68,46575700,0.071,0.893,0.035,-0.6658,0
419,30.610001,30.01,30.719999,30,73086700,0.115,0.679,0.206,0.8519,0
420,30,28.959999,30.200001,28.84,102004600,0.065,0.592,0.343,0.8555,0
421,29.84,29.16,29.870001,28.889999,117513700,0,1,0,0,0
422,29.9,28.18,29.92,27.66,193888500,0.044,0.956,0,-0.296,1
423,28.370001,28.459999,28.5,28.139999,54413700,0.109,0.763,0.128,0.4287,0
424,28.379999,27.84,28.5,27.809999,77850000,0.081,0.809,0.11,0.3661,1
425,28,28.02,28.280001,27.57,80960100,0.122,0.76,0.118,-0.0813,1
426,27.969999,28.01,28.34,27.75,59195800,0.064,0.819,0.116,0.5584,0
427,28.030001,27.99,28.24,27.84,48591300,0,0.916,0.084,0.6486,1
428,27.809999,27.93,28.059999,27.58,81117200,0.245,0.654,0.101,-0.7783,1
429,28.530001,28.59,28.65,28.360001,45882900,0.074,0.712,0.214,0.5994,1
430,28.59,28.969999,29.030001,28.51,42856500,0,0.941,0.059,0.7351,0
431,28.84,28.73,28.940001,28.65,36707100,0.121,0.834,0.045,-0.743,1
432,28.52,28.629999,28.790001,28.379999,43165900,0.085,0.76,0.154,0.6249,1
433,28.27,28.6,28.65,28.02,48735300,0.084,0.845,0.071,-0.296,1
434,28.77,29.02,29.049999,28.530001,43805400,0.075,0.887,0.038,-0.6098,0
435,29.08,28.459999,29.299999,28.24,93123900,0.105,0.895,0,-0.7579,1
436,28.459999,28.629999,28.65,28.27,42890600,0.029,0.876,0.095,0.8437,1
437,28.52,28.629999,28.93,28.5,39414500,0.024,0.908,0.068,0.743,1
438,28.559999,28.799999,29.110001,28.549999,50271600,0.023,0.915,0.063,0.4215,1
439,28.889999,29.18,29.190001,28.85,35349700,0.059,0.797,0.145,0.8979,0
440,29.32,29.27,29.379999,29.040001,31700200,0,0.933,0.067,0.3612,0
441,29.719999,29.65,29.85,29.6,33987700,0.03,0.89,0.08,0.5267,0
442,30.09,29.66,30.200001,29.59,55595500,0,1,0,0,0
443,29.639999,29.290001,29.719999,29.17,63760000,0.073,0.863,0.065,0.1027,1
444,29.16,29.35,29.559999,29.139999,58318800,0.192,0.808,0,-0.6124,1
445,29.32,29.92,29.98,29.299999,63713800,0.039,0.806,0.155,0.9062,1
446,30.25,30.32,30.49,30.209999,37068800,0.058,0.741,0.201,0.7845,1
447,30.15,30.450001,30.5,30.129999,41374600,0.067,0.824,0.109,0.5423,1
448,30.82,30.870001,30.950001,30.709999,52745400,0.026,0.892,0.082,0.6705,0
449,30.790001,30.67,30.98,30.6,88703100,0,0.799,0.201,0.7003,1
450,31.219999,31.360001,31.440001,31.129999,52199500,0.164,0.791,0.045,-0.936,1
451,31.040001,31.389999,31.530001,30.9,84847600,0.019,0.941,0.041,0.4019,0
452,31.120001,30.959999,31.58,30.65,126766600,0.179,0.821,0,-0.8429,0
453,31.07,30.540001,31.08,30.52,63214800,0,0.866,0.134,0.928,1
454,29.77,29.85,30.09,29.690001,66833800,0,0.783,0.217,0.6124,1
455,28.98,29.440001,29.58,28.92,47146800,0,0.799,0.201,0.891,0
456,29.26,29.24,29.73,29.18,45188800,0,0.965,0.035,0.4767,0
457,29.120001,28.940001,29.23,28.450001,46053300,0.028,0.932,0.04,-0.09,0
458,28.870001,28.6,29,28.4,52690600,0,0.861,0.139,0.5719,0
459,27.65,27.110001,27.84,27.040001,87991100,0.064,0.796,0.14,0.8748,1
460,26.629999,26.84,27.110001,26.440001,117596300,0.049,0.81,0.141,0.3182,1
461,25.65,26.07,26.33,25.379999,98373600,0,0.851,0.149,0.4215,1
462,25.73,26,26.360001,25.73,136433600,0.045,0.879,0.076,0.624,0
463,25.84,25.799999,26.120001,25.66,67496900,0,0.851,0.149,0.9451,1
464,25.530001,25.889999,26.309999,25.52,76152400,0,0.909,0.091,0.296,0
465,26.1,25.790001,26.57,25.620001,89832200,0,0.891,0.109,0.5106,0
466,25.25,25.110001,25.26,24.65,87355000,0.146,0.761,0.093,-0.6222,0
467,25.129999,25,25.15,24.780001,78930900,0.091,0.806,0.103,0.3071,1
468,25.75,26.58,26.65,25.74,81641500,0.03,0.806,0.165,0.9246,0
469,26.469999,26.32,26.58,26.23,48698000,0,0.874,0.126,0.5574,0
470,26.16,25.77,26.450001,25.76,55985400,0,0.746,0.254,0.9231,0
471,25.049999,24.530001,25.110001,24.309999,156256700,0.015,0.874,0.111,0.7906,0
472,24.51,24.309999,24.610001,24.120001,73784800,0,1,0,0,0
473,24.129999,23.309999,24.200001,23.110001,119882100,0,1,0,0,1
474,23.09,23.16,23.32,22.73,92239400,0.074,0.926,0,-0.4939,0
475,23.360001,23.27,23.48,23.049999,62485100,0,0.96,0.04,0.2732,1
476,24.43,24.83,24.889999,24.42,49854200,0.031,0.878,0.09,0.8807,0
477,25.139999,25.129999,25.299999,24.9,61928700,0.203,0.675,0.122,-0.228,1
478,25.5,25.51,25.59,24.98,56934700,0,0.919,0.081,0.3182,1
479,24.959999,25.23,25.299999,24.91,38181800,0.058,0.91,0.032,-0.431,1
480,24.860001,25.48,25.48,24.700001,45530700,0,0.89,0.11,0.3566,1
481,25.51,25.84,25.99,25.469999,73016400,0.033,0.913,0.054,0.25,0
482,25.84,25.809999,26.02,25.25,108520100,0.091,0.831,0.078,-0.0772,1
483,26.139999,26.16,26.24,25.959999,60672100,0.207,0.793,0,-0.7184,1
484,25.75,25.809999,25.84,25.35,83534800,0.139,0.812,0.049,-0.6369,0
485,26.200001,26.16,26.35,25.969999,56877700,0,0.797,0.203,0.6808,1
486,25.18,25.549999,25.559999,25.02,55982100,0.14,0.716,0.143,0.0258,0
487,25.33,25.07,25.34,24.879999,87257700,0.058,0.778,0.164,0.7089,1
488,24.68,24.860001,24.9,24.559999,76746900,0.129,0.684,0.187,0.6369,1
489,24.35,24.4,24.67,24.24,45263500,0.139,0.861,0,-0.4404,1
490,24.360001,24.5,24.610001,24.299999,40909700,0.03,0.81,0.159,0.8555,0
491,24.620001,24.440001,24.74,24.209999,54064600,0,0.891,0.109,0.5859,0
492,24.440001,24.280001,24.639999,24.24,51643000,0.054,0.89,0.056,0.2732,1
493,24,24.1,24.219999,23.870001,47404800,0.091,0.909,0,-0.296,0
494,24.09,23.82,24.190001,23.790001,49105300,0.115,0.813,0.072,-0.4939,0
495,23.74,23.639999,23.82,23.6,45453100,0.051,0.919,0.03,-0.5272,1
496,23.67,23.9,23.950001,23.540001,65235900,0,0.872,0.128,0.5859,1
497,23.879999,23.940001,23.950001,23.709999,48837100,0,0.952,0.048,0.5267,0
498,25.040001,25.030001,25.35,24.889999,87160400,0.034,0.966,0,-0.0516,1
499,25.1,25.120001,25.219999,24.92,56201900,0.106,0.812,0.083,-0.4019,0
500,25.4,25.219999,25.530001,25.08,70341600,0,0.788,0.212,0.5106,1
501,25.280001,25.43,25.52,25.110001,49838700,0.01,0.884,0.106,0.8885,0
502,24.889999,24.610001,24.969999,24.360001,94299400,0.05,0.886,0.063,0,1
503,24.639999,24.780001,24.799999,24.58,51948800,0.101,0.836,0.063,-0.2732,0
504,24.85,24.73,24.99,24.59,43603300,0.018,0.9,0.082,0.7845,0
505,24.629999,24.5,24.66,24.4,44318900,0,0.745,0.255,0.9001,0
506,24.610001,24.49,24.83,24.360001,61262700,0.058,0.865,0.077,0.2846,0
507,23.959999,23.91,23.99,23.780001,98143400,0.035,0.842,0.123,0.882,1
508,24.059999,24.35,24.450001,23.91,78152900,0.103,0.804,0.093,-0.128,0
509,24.620001,24.530001,24.75,24.280001,50096100,0.245,0.736,0.018,-0.9566,1
510,24.65,24.83,24.93,24.43,50141500,0,0.928,0.072,0.7964,0
511,25.290001,25.23,25.34,25,51949100,0.063,0.912,0.024,-0.2732,1
512,25.360001,25.540001,25.549999,25.23,68954800,0.112,0.801,0.086,-0.1154,0
513,25.27,25.1,25.370001,24.950001,66150900,0,0.909,0.091,0.2023,1
514,25.26,25.309999,25.4,25.1,56283600,0,0.775,0.225,0.7003,0
515,25.52,25.379999,25.540001,25.27,25837900,0.026,0.784,0.19,0.9246,1
516,26.209999,26.280001,26.379999,25.92,80730300,0.105,0.895,0,-0.4019,1
517,26.879999,26.950001,27.219999,26.700001,61912100,0.048,0.894,0.058,0.3736,1
518,27.059999,27.389999,27.42,27.02,54402100,0.088,0.912,0,-0.34,0
519,27.41,27.139999,27.43,27.01,93599300,0,0.963,0.037,0.5927,0
520,27.17,26.85,27.190001,26.530001,110953700,0,0.927,0.073,0.296,1
521,26.809999,26.950001,27.110001,26.709999,58538600,0.055,0.839,0.106,0.2732,0
522,27.01,26.940001,27.08,26.809999,52277300,0,1,0,0,0
523,26.469999,26.27,26.52,26.1,64962200,0.047,0.857,0.096,0.5106,0
524,26.040001,25.809999,26.040001,25.65,65339200,0.011,0.926,0.063,0.6705,0
525,25.799999,25.690001,25.83,25.6,52423200,0.18,0.765,0.055,-0.743,1
526,25.65,25.73,25.74,25.440001,53350500,0.04,0.931,0.029,-0.347,1
527,25.200001,25.370001,25.459999,25.16,56825900,0,0.924,0.076,0.4019,1
528,25.190001,25.309999,25.42,24.93,56603600,0.094,0.906,0,-0.3818,1
529,25.049999,25.26,25.469999,25,75282100,0,0.765,0.235,0.7717,1
530,26.24,26.889999,26.98,26.200001,91759200,0.026,0.873,0.101,0.8225,1
531,26.809999,27.02,27.059999,26.780001,52622000,0.056,0.773,0.171,0.9693,0
532,27.08,26.870001,27.129999,26.85,57860500,0.115,0.885,0,-0.357,1
533,26.83,27.23,27.24,26.799999,41666800,0,0.946,0.054,0.2263,0
534,27.27,27.25,27.450001,27.17,47943900,0.033,0.868,0.098,0.5994,1
535,27.530001,27.85,27.99,27.530001,69634200,0,0.906,0.094,0.4215,0
536,27.92,27.9,28.09,27.75,87456500,0.075,0.841,0.084,0.0772,0
537,27.950001,27.809999,27.99,27.68,52811000,0,1,0,0,1
538,28.01,28.190001,28.4,27.98,42252300,0,0.862,0.138,0.631,1
539,27.969999,28.299999,28.32,27.959999,24902500,0,0.924,0.076,0.8105,1
540,27.969999,28.01,28.17,27.959999,23042200,0.096,0.803,0.102,-0.09,0
541,27.92,27.85,28,27.780001,20786100,0.057,0.722,0.221,0.9769,1
542,27.799999,27.91,27.92,27.629999,24752000,0.131,0.828,0.041,-0.6597,1
543,27.940001,28.09,28.17,27.85,54405600,0,0.922,0.078,0.3182,1
544,27.9,28,28.01,27.77,58998700,0.079,0.861,0.06,-0.1531,0
545,28.639999,28.6,28.74,28.25,73762000,0.102,0.774,0.124,0.0772,1
546,28.08,28.299999,28.379999,27.91,62688400,0.032,0.774,0.194,0.9153,1
547,28.16,28.66,28.74,28.139999,53322700,0,0.876,0.124,0.7003,0
548,28.5,28.35,28.549999,28.129999,58613600,0.06,0.825,0.115,0.875,1
549,28.02,28.379999,28.559999,27.99,52047800,0,1,0,0,1
550,28.75,28.870001,29.459999,28.49,146938600,0.084,0.745,0.171,0.6597,0
551,28.9,27.75,28.93,27.450001,141249400,0.032,0.732,0.235,0.9462,1
552,27.799999,27.99,28.059999,27.610001,62810700,0,1,0,0,1
553,27.700001,27.77,27.84,27.51,40412200,0.078,0.863,0.059,-0.1779,1
554,28.1,28.280001,28.34,28.049999,34904200,0,1,0,0,0
555,27.76,27.25,27.809999,27.07,83939700,0.073,0.769,0.157,0.3384,1
556,27.209999,27.23,27.27,26.950001,56766200,0.113,0.759,0.129,-0.0772,0
557,27.049999,27.02,27.07,26.6,70817900,0,1,0,0,0
558,27.129999,27.059999,27.209999,26.99,68667800,0.041,0.959,0,-0.3612,1
559,26.639999,26.77,27.059999,26.5,64494200,0.099,0.792,0.109,-0.0772,0
560,26.690001,26.58,26.860001,26.51,51379900,0.022,0.937,0.041,0.3182,0
561,26.6,26.16,26.780001,26.15,60055000,0.443,0.557,0,-0.9442,0
562,26.26,26.200001,26.4,26.18,68271500,0.038,0.962,0,-0.34,0
563,26.219999,25.950001,26.24,25.799999,70437200,0,1,0,0,0
564,25.620001,25.41,25.709999,25.35,66549500,0,0.896,0.104,0.9287,1
565,25.41,25.68,25.85,25.360001,49905800,0.025,0.887,0.089,0.4767,0
566,25.059999,24.780001,25.219999,24.75,62497000,0.07,0.917,0.013,-0.7184,0
567,25.059999,24.799999,25.18,24.799999,85486700,0,1,0,0,0
568,25.299999,25.299999,25.459999,25.23,30895600,0.093,0.692,0.215,0.4974,1
569,25.23,25.540001,25.610001,25.18,43969000,0.075,0.738,0.187,0.893,0
570,25.93,25.620001,25.950001,25.59,57029800,0,0.899,0.101,0.6908,1
571,25.34,25.49,25.52,25.299999,40763500,0.047,0.833,0.12,0.5267,0
572,25.530001,25.48,25.530001,25.309999,63114200,0.039,0.874,0.087,0.6808,0
573,25.82,25.780001,26.18,25.74,73651100,0.111,0.826,0.063,-0.7096,1
574,25.98,26.15,26.309999,25.860001,65581400,0.1,0.744,0.155,0.1779,0
575,26.17,26.07,26.280001,25.959999,39887600,0,1,0,0,0
576,26.190001,25.98,26.25,25.799999,34286300,0.065,0.879,0.056,-0.2263,0
577,25.459999,25.370001,25.559999,25.18,65080400,0.125,0.79,0.085,-0.7506,0
578,25.1,25.08,25.280001,24.719999,58045100,0.069,0.904,0.027,-0.7311,1
579,25.540001,25.76,26,25.51,61608600,0,0.894,0.106,0.4497,1
580,25.559999,25.610001,25.620001,25.34,33525100,0.052,0.948,0,-0.357,1
581,25.74,26.190001,26.440001,25.67,69200000,0.091,0.57,0.339,0.7717,1
582,26.459999,26.709999,26.870001,26.4,80200000,0.06,0.836,0.103,0.8517,0
583,26.549999,25.92,26.639999,25.360001,319317900,0,0.924,0.076,0.5106,1
584,25.6,25.809999,25.85,25.49,71892900,0,0.949,0.051,0.5499,1
585,25.85,26.059999,26.25,25.790001,73292300,0.031,0.832,0.137,0.8918,0
586,26.07,25.870001,26.219999,25.75,55993000,0,0.952,0.048,0.34,1
587,25.799999,25.83,25.959999,25.67,38696400,0.027,0.875,0.098,0.652,0
588,25.65,25.360001,25.66,25.209999,78600000,0.107,0.772,0.121,0.7184,0
589,25.280001,25.030001,25.32,24.950001,66812300,0,1,0,0,0
590,24.959999,24.57,25.07,24.5,91350900,0.096,0.792,0.112,0.3818,1
591,24.530001,24.690001,24.74,24.25,53931100,0,0.764,0.236,0.8053,0
592,24.85,24.719999,24.879999,24.5,37783600,0.064,0.823,0.113,0.1531,0
593,24.209999,24.17,24.25,24.030001,52692500,0.034,0.828,0.137,0.8481,1
594,24.35,24.67,25.030001,24.32,78016600,0.021,0.792,0.187,0.9344,1
595,24.68,24.76,24.9,24.65,50251000,0,1,0,0,0
596,24.99,24.43,25.1,24.370001,74033500,0.101,0.803,0.096,0.1779,0
597,24.049999,23.91,24.139999,23.84,60697700,0,1,0,0,1
598,23.889999,24.01,24.25,23.77,54778700,0.039,0.922,0.039,0,1
599,23.9,23.940001,24.02,23.860001,42205000,0.093,0.882,0.026,-0.8126,0
600,24.01,23.959999,24.040001,23.82,42878700,0.012,0.947,0.041,0.6187,1
601,23.790001,24.040001,24.190001,23.700001,47572500,0,0.755,0.245,0.8434,1
602,23.75,24,24.1,23.65,57184100,0.047,0.858,0.094,0.296,1
603,24.52,24.76,24.860001,24.4,49708700,0,0.938,0.062,0.6124,1
604,24.440001,24.629999,24.65,24.200001,59470400,0.161,0.729,0.109,-0.4588,1
605,24.23,25.200001,25.459999,24.23,92044200,0,0.945,0.055,0.5994,1
606,25.299999,25.799999,25.92,25.16,81032100,0,1,0,0,1
607,25.74,26,26,25.66,52535400,0.08,0.72,0.199,0.5106,1
608,25.93,26.02,26.17,25.84,52906200,0.088,0.852,0.059,-0.5719,1
609,25.969999,26.33,26.370001,25.959999,48744200,0.066,0.749,0.184,0.9068,1
610,26.540001,26.92,26.98,26.51,58320700,0.05,0.95,0,-0.2263,1
611,26.620001,26.629999,26.799999,26.49,43999800,0,0.584,0.416,0.9552,1
612,26.6,26.629999,26.959999,26.51,40861800,0.06,0.802,0.138,0.4404,0
613,26.620001,26.469999,27.01,26.360001,46382300,0.071,0.826,0.103,0.1779,0
614,26.629999,26.59,26.9,26.26,44501900,0.073,0.899,0.028,-0.7501,0
615,27.280001,27.059999,27.35,26.98,49795400,0.048,0.891,0.061,0.0129,1
616,27.040001,27.1,27.309999,26.65,81737400,0.172,0.704,0.125,-0.8402,1
617,27.26,27.91,28.09,27.190001,108482400,0.023,0.892,0.085,0.7841,1
618,27.82,28.08,28.15,27.780001,74636500,0.189,0.778,0.033,-0.9313,0
619,27.51,27.27,27.690001,26.75,61838400,0.08,0.87,0.049,-0.8124,0
620,26.530001,25.940001,26.870001,25.93,92949500,0,0.883,0.117,0.8658,0
621,25.969999,25.68,26.1,25.23,112071700,0,1,0,0,0
622,24.950001,24.200001,25.09,24.1,127819900,0.054,0.804,0.142,0.6124,0
623,25.129999,25.1,25.34,24.65,64787100,0,1,0,0,1
624,25.219999,25.35,25.59,25.049999,54251500,0.117,0.767,0.115,-0.3506,0
625,25.25,25.25,25.700001,24.93,50923700,0.051,0.892,0.058,0.308,0
626,24.41,24.049999,24.620001,23.91,77397900,0,1,0,0,0
627,24.42,23.98,24.49,23.790001,54721000,0.081,0.847,0.072,-0.5267,1
628,24.030001,24.719999,24.75,24.030001,59670600,0,0.861,0.139,0.8126,0
629,25.08,24.57,25.16,24.5,48192000,0.026,0.872,0.102,0.8968,1
630,25.530001,25.84,25.860001,25.370001,38863200,0.048,0.764,0.188,0.8555,1
631,26.290001,26.6,26.709999,26.26,59300800,0.035,0.77,0.195,0.8807,1
632,25.780001,25.799999,26,25.66,43894400,0,1,0,0,1
633,25.690001,26,26,25.57,41961000,0.141,0.859,0,-0.802,1
634,26,26.219999,26.66,25.950001,65811900,0,0.895,0.105,0.6486,1
635,25.92,26.040001,26.190001,25.809999,48792300,0,0.777,0.223,0.8955,1
636,26.73,26.99,27.030001,26.309999,67808300,0,0.977,0.023,0.1154,1
637,26.799999,27.209999,27.309999,26.6,52324900,0,0.907,0.093,0.5574,0
638,27.309999,26.98,27.5,26.93,49211900,0.11,0.782,0.108,-0.0414,0
639,25.299999,25.059999,25.65,24.6,96278300,0.118,0.79,0.092,-0.1796,1
640,24.9,25.059999,25.15,24.690001,64768100,0.092,0.859,0.049,-0.5719,0
641,25.98,25.450001,26.17,25.09,63407300,0.037,0.821,0.142,0.946,0
642,25.200001,24.889999,25.5,24.879999,54060500,0.078,0.922,0,-0.296,1
643,24.299999,25.34,25.389999,24.26,83485400,0.041,0.883,0.077,0.4835,1
644,25.9,26.34,26.4,25.700001,55111400,0.06,0.84,0.1,0.5684,0
645,26.34,26.25,26.51,26.200001,52741600,0.038,0.89,0.072,0.5719,1
646,26.860001,27,27.07,26.719999,38826200,0.042,0.764,0.193,0.7717,0
647,27.18,26.959999,27.309999,26.9,52489800,0.083,0.765,0.153,0.3182,0
648,27.309999,27.27,27.5,27.02,50947700,0,1,0,0,0
649,27.370001,27.129999,27.469999,27.01,42880000,0,0.77,0.23,0.9239,1
650,27.15,27.16,27.190001,26.799999,76620600,0.139,0.792,0.069,-0.7717,1
651,27.059999,27.190001,27.4,27.040001,56897800,0,0.936,0.064,0.6249,0
652,27.030001,26.59,27.059999,26.1,63029900,0,1,0,0,0
653,27.139999,26.98,27.190001,26.790001,57712100,0.026,0.919,0.055,0.3818,0
654,26.76,26.629999,27,26.620001,46799000,0,0.893,0.107,0.34,0
655,26.379999,26.25,26.4,26,36549200,0,0.904,0.096,0.8225,1
656,26.209999,26.799999,26.82,26.129999,42589700,0.118,0.826,0.056,-0.6249,0
657,26.59,26.200001,26.75,26.059999,62950900,0,0.864,0.136,0.8481,0
658,26.469999,26.280001,26.5,26.120001,32514400,0,1,0,0,0
659,26.879999,26.76,27,26.65,34199200,0.066,0.882,0.052,-0.0772,1
660,26.559999,26.74,26.940001,26.4,43874200,0.069,0.931,0,-0.5267,0
661,26.01,25.540001,26.040001,25.440001,70977500,0,0.837,0.163,0.7761,0
662,25.48,25.299999,25.5,25.15,47626200,0,0.938,0.062,0.4939,0
663,24.889999,24.790001,24.959999,24.65,49204500,0,0.929,0.071,0.6124,0
664,24.379999,24.299999,24.67,24.299999,26164600,0.117,0.883,0,-0.7156,0
665,24.940001,24.870001,24.969999,24.690001,46766700,0.071,0.905,0.024,-0.3612,1
666,25.370001,25.58,25.59,25.139999,81350900,0,0.935,0.065,0.4215,0
667,25.559999,25.280001,25.629999,25.200001,48545400,0,0.975,0.025,0.2884,0
668,25.780001,25.700001,25.799999,25.5,56818400,0.023,0.903,0.073,0.6249,0
669,25.67,25.6,25.76,25.34,62667000,0.09,0.774,0.136,0.9031,0
670,25.48,25.4,25.719999,25.370001,60522200,0,0.942,0.058,0.5632,1
671,25.52,25.700001,25.870001,25.5,53788500,0.049,0.862,0.089,0.3612,0
672,25.719999,25.559999,25.879999,25.540001,46213900,0,0.925,0.075,0.2732,1
673,25.67,26,26.17,25.629999,101408100,0,1,0,0,1
674,25.860001,26.030001,26.1,25.809999,60767600,0.088,0.762,0.15,0.7269,0
675,25.82,25.809999,25.860001,25.48,35794100,0.043,0.836,0.121,0.93,1
676,25.91,26.030001,26.040001,25.73,23205800,0.056,0.863,0.081,0.4019,1
677,25.950001,26.02,26.049999,25.860001,22616900,0.035,0.831,0.134,0.926,1
678,27.530001,28.110001,28.190001,27.530001,99455500,0,1,0,0,0
679,27.93,27.84,28.15,27.75,60014400,0,0.928,0.072,0.5267,1
680,27.93,28.25,28.25,27.790001,60196100,0.173,0.771,0.056,-0.8481,0
681,28.4,28.26,28.65,28.17,72395300,0.115,0.817,0.068,-0.4019,0
682,28.16,28.120001,28.440001,28.030001,74053500,0,0.94,0.06,0.5927,0
683,29.469999,29.34,29.57,29.18,51703300,0.045,0.898,0.057,0.1027,0
684,29.610001,29.5,29.700001,29.4,49102800,0.079,0.691,0.229,0.624,0
685,29.450001,29.23,29.530001,29.17,44187700,0.088,0.857,0.055,-0.1779,1
686,28.969999,29.610001,29.620001,28.83,51114800,0.065,0.935,0,-0.6597,1
687,29.9,29.950001,30.17,29.709999,52223300,0,0.945,0.055,0.34,1
688,30.040001,30.200001,30.219999,29.969999,28039700,0,1,0,0,1
689,30.26,30.66,30.67,30.219999,49659100,0.1,0.846,0.054,-0.2732,1
690,30.68,30.77,30.799999,30.48,50481600,0.059,0.912,0.029,-0.296,0
691,30.629999,30.58,30.77,30.43,33319800,0,0.975,0.025,0.34,0
692,30.33,30.25,30.459999,29.85,59644000,0.085,0.812,0.102,0.34,1
693,30.309999,31.290001,31.549999,30.299999,94705100,0.127,0.829,0.044,-0.4588,1
694,31.18,31.440001,31.610001,31.15,50829900,0.108,0.625,0.267,0.4215,0
695,31.48,31.48,31.5,31.24,35575400,0,1,0,0,1
696,31.41,31.870001,31.93,31.379999,45230600,0.065,0.851,0.083,0.25,0
697,31.889999,31.74,32,31.610001,59323600,0,1,0,0,0
698,32.310001,32.080002,32.439999,32,47314200,0,1,0,0,0
699,32.009998,31.799999,32.049999,31.620001,45240000,0.065,0.867,0.068,-0.5499,1
700,31.67,31.84,31.92,31.530001,34340400,0,0.963,0.037,0.1779,0
701,32.040001,32.009998,32.209999,31.9,36747400,0.053,0.827,0.12,0.5588,1
702,31.969999,32.040001,32.200001,31.82,34073600,0.095,0.769,0.136,0.1531,1
703,32.790001,32.849998,32.939999,32.580002,49068300,0.021,0.886,0.093,0.8442,0
704,32.540001,32.200001,32.610001,32.150002,44789200,0.052,0.814,0.134,0.3612,0
705,32.099998,31.99,32.150002,31.74,41566800,0.052,0.948,0,-0.4767,0
706,31.959999,31.91,32.150002,31.82,37928600,0.06,0.688,0.252,0.7717,0
707,32.099998,32.009998,32.110001,31.719999,35912200,0,1,0,0,0
708,32.650002,32.52,32.700001,32.400002,36274900,0,0.805,0.195,0.7003,0
709,32.52,32.189999,32.700001,32.040001,41344800,0.068,0.932,0,-0.296,1
710,32.060001,32.119999,32.189999,31.809999,37038500,0,0.895,0.105,0.8442,0
711,32.400002,32.259998,32.41,32.040001,31749400,0,0.94,0.06,0.5267,0
712,32.16,31.940001,32.189999,31.66,42752100,0.069,0.897,0.034,-0.4678,0
713,31.66,31.209999,31.690001,31.049999,49455900,0.136,0.824,0.04,-0.6908,0
714,31.219999,31.1,31.4,30.969999,31056400,0.04,0.861,0.099,0.8012,0
715,31.059999,30.469999,31.190001,30.299999,54131300,0.095,0.818,0.087,-0.3182,1
716,30.48,30.98,31.040001,30.42,38304000,0.089,0.812,0.099,0.4215,0
717,30.889999,30.809999,31.16,30.719999,39749200,0,1,0,0,1
718,30.99,31.08,31.190001,30.77,38124800,0.114,0.886,0,-0.743,0
719,31.280001,31.139999,31.309999,31.040001,40552900,0.152,0.771,0.077,-0.6908,0
720,31.129999,31.01,31.68,30.940001,54781200,0,1,0,0,1
721,32.150002,32.419998,32.889999,32.049999,106045000,0.129,0.802,0.069,-0.8686,0
722,32.209999,31.92,32.52,31.83,40871100,0.031,0.874,0.095,0.9184,1
723,31.92,32.200001,32.32,31.870001,62495500,0.098,0.769,0.133,0.0516,0
724,32.119999,32.110001,32.23,31.92,40308100,0,0.849,0.151,0.802,1
725,31.98,32.02,32.110001,31.92,35697200,0.029,0.798,0.173,0.9442,0
726,32.049999,32.009998,32.34,31.950001,43832300,0.036,0.834,0.129,0.6908,0
727,31.879999,31.76,31.9,31.610001,31501300,0,0.945,0.055,0.4871,0
728,31.450001,30.98,31.57,30.92,57927200,0.218,0.711,0.071,-0.7003,0
729,30.700001,30.65,30.860001,30.57,48641400,0.049,0.88,0.071,0.3464,1
730,30.48,30.5,30.780001,30.17,46328300,0.074,0.871,0.055,-0.335,1
731,30.190001,30.76,30.83,30.1,50309300,0.05,0.914,0.036,-0.1073,1
732,30.690001,31.16,31.540001,30.690001,43459300,0.056,0.919,0.026,-0.34,0
733,30.639999,30.209999,30.799999,30.15,61822800,0.091,0.785,0.124,0.3818,0
734,29.99,29.719999,30.209999,29.709999,48484000,0,0.9,0.1,0.743,0
735,29.790001,29.27,29.809999,29.17,56205300,0.022,0.795,0.183,0.9836,1
736,29.1,29.75,29.790001,29.059999,38787900,0.106,0.845,0.049,-0.6124,0
737,29.35,29.110001,29.4,28.639999,65171000,0.072,0.779,0.149,0.7964,0
738,29.16,29.07,29.299999,28.76,52575000,0.07,0.811,0.119,0.5647,0
739,29.200001,29.059999,29.360001,29.01,29507200,0.128,0.738,0.134,0.2006,0
740,29.35,29.34,29.48,29.120001,41585500,0.051,0.873,0.076,0.2023,0
741,29.299999,29.190001,29.42,28.940001,39134000,0,0.926,0.074,0.6757,0
742,28.620001,28.549999,28.780001,28.32,47926300,0.11,0.826,0.064,-0.7717,0
743,28.51,28.51,28.75,28.389999,45715400,0.089,0.866,0.045,-0.6908,1
744,28.879999,29.35,29.370001,28.809999,46860500,0,0.883,0.117,0.5423,1
745,29.209999,29.65,29.68,29.049999,42551100,0,1,0,0,0
746,29.73,28.9,29.809999,28.82,46361900,0.062,0.866,0.072,0.6067,1
747,29.33,29.34,29.459999,28.879999,39458900,0.036,0.864,0.1,0.5126,0
748,29.99,29.84,30.030001,29.709999,58679900,0.016,0.91,0.073,0.7908,1
749,30.190001,30.700001,31.110001,30.049999,75725800,0,1,0,0,0
750,30.959999,30.139999,31.139999,30.059999,48456600,0,0.903,0.097,0.4019,1
751,30.299999,30.700001,30.73,30.030001,45098100,0,1,0,0,1
752,30,30.02,30.27,29.940001,38421300,0.017,0.893,0.09,0.8253,0
753,30.190001,30.17,30.5,30.030001,33781700,0,0.836,0.164,0.7269,0
754,29.98,29.91,30.049999,29.42,45328400,0.049,0.905,0.046,0.1901,1
755,30.450001,30.59,30.690001,30.139999,55227200,0.053,0.947,0,-0.3182,1
756,30.23,30.76,30.76,30.17,20938100,0.139,0.801,0.061,-0.9022,1
757,30.59,30.700001,30.780001,30.379999,28801900,0.056,0.826,0.117,0.8321,0
758,30.610001,30.190001,30.700001,29.950001,38294800,0,1,0,0,0
759,29.15,28.629999,29.18,28.540001,63523600,0.025,0.942,0.032,-0.09,1
760,28.76,29.389999,29.48,28.719999,39085000,0,1,0,0,1
761,29.639999,29.66,29.860001,29.200001,33771300,0.018,0.842,0.141,0.9186,1
762,29.6,30.450001,30.450001,29.459999,41090400,0.017,0.798,0.185,0.9437,0
763,31,30.120001,31.049999,30.049999,64021700,0.103,0.829,0.069,-0.4117,0
764,29.57,29.280001,29.58,29.01,55151900,0,0.897,0.103,0.8705,0
765,29.24,29.15,29.360001,28.9,47723300,0.216,0.73,0.053,-0.7783,0
766,29.24,28.83,29.33,28.780001,45579500,0.1,0.741,0.16,0.5574,0
767,29.23,29.16,29.5,29.09,45301400,0.016,0.928,0.056,0.7125,0
768,29.75,29.639999,29.82,29.459999,28905000,0.085,0.832,0.083,-0.0258,0
769,29.48,29.469999,29.709999,29.33,37620900,0,0.959,0.041,0.3612,0
770,29.209999,29.190001,29.530001,28.969999,39520500,0.101,0.865,0.033,-0.5994,1
771,29.530001,29.75,29.940001,29.48,35859400,0.141,0.763,0.096,-0.4019,1
772,30.07,30.26,30.35,29.870001,28002900,0,0.787,0.213,0.7964,1
773,30.209999,30.33,30.469999,30.110001,26257600,0,0.803,0.197,0.6597,0
774,30.5,30.42,30.620001,30.25,27810300,0.086,0.813,0.1,0.5719,1
775,30.35,30.389999,30.459999,30.16,23049100,0.049,0.925,0.026,-0.2732,1
776,30.360001,30.780001,30.940001,30.26,35787200,0.056,0.845,0.098,0.611,0
777,30.92,30.9,30.92,30.59,32589900,0,0.868,0.132,0.8481,0
778,30.82,30.74,30.85,30.58,23737700,0.042,0.958,0,-0.4019,0
779,30.59,30.540001,30.76,30.469999,33437400,0.066,0.762,0.172,0.9325,0
780,30.389999,30.26,30.4,30.08,28355600,0.233,0.767,0,-0.6908,1
781,30.25,30.559999,30.629999,30.18,22943300,0,1,0,0,0
782,30.700001,30.629999,30.799999,30.52,23947900,0.036,0.829,0.135,0.7351,0
783,30.530001,30.32,30.610001,30.219999,23982100,0.025,0.808,0.167,0.9876,0
784,30.450001,30.389999,30.66,30.15,48556700,0,1,0,0,1
785,30.5,31.35,31.360001,30.459999,48371700,0,0.935,0.065,0.6705,0
786,31.040001,30.950001,31.07,30.73,42649100,0.097,0.781,0.122,-0.0038,0
787,30.940001,30.780001,31.18,30.73,32775800,0.067,0.766,0.166,0.411,1
788,31.190001,31.209999,31.26,31.040001,36488500,0.041,0.885,0.074,0.4717,0
789,31.43,31.190001,31.610001,31.09,102348900,0.142,0.812,0.046,-0.6249,0
790,30.950001,30.389999,31,30.360001,54266400,0.072,0.882,0.046,-0.2144,1
791,29.75,29.860001,29.99,29.67,46655900,0,1,0,0,1
792,29.969999,30.030001,30.030001,29.57,43634900,0.105,0.895,0,-0.4019,1
793,29.639999,29.780001,29.92,29.549999,29752000,0.021,0.953,0.025,0.1027,0
794,29.15,28.98,29.309999,28.950001,47227100,0.039,0.923,0.039,0,1
795,29.299999,29.59,29.639999,29.09,44206100,0.041,0.959,0,-0.0644,0
796,29.049999,28.639999,29.08,28.5,90470800,0.13,0.839,0.03,-0.9524,0
797,28.73,28,28.83,27.83,83374000,0.091,0.909,0,-0.4767,0
798,28.16,27.9,28.200001,27.870001,53320400,0,0.799,0.201,0.9442,0
799,28.190001,27.879999,28.200001,27.860001,54084300,0.089,0.781,0.13,0.5423,1
800,27.860001,28.209999,28.34,27.84,57790000,0,0.913,0.087,0.7783,1
801,28.84,29.52,29.559999,28.82,72047900,0.035,0.762,0.203,0.9584,0
802,29.59,29.5,29.77,29.33,57131600,0,0.784,0.216,0.8885,0
803,29.530001,29.08,29.83,29.049999,57871800,0.036,0.846,0.118,0.4939,0
804,28.940001,28.219999,29.01,28.209999,61112300,0,0.833,0.167,0.7003,0
805,27.24,26.84,27.290001,26.799999,76086100,0,0.936,0.064,0.2144,0
806,26.67,26.52,26.700001,26.34,64083300,0.212,0.696,0.092,-0.765,1
807,26.709999,26.950001,27.17,26.67,66360300,0.055,0.867,0.078,0.2023,0
808,27.540001,27.389999,27.58,27.17,85198700,0.037,0.848,0.115,0.4767,0
809,27.110001,26.950001,27.360001,26.860001,69551400,0.044,0.886,0.071,0.4767,1
810,26.379999,26.67,26.93,26.26,68283800,0.098,0.761,0.14,0.4939,1
811,26.559999,26.940001,26.969999,26.52,47031100,0.03,0.874,0.096,0.8225,0
812,27.110001,26.809999,27.129999,26.700001,42077500,0,1,0,0,1
813,26.790001,27.1,27.219999,26.68,42046100,0.123,0.877,0,-0.4215,0
814,27.690001,27.309999,27.73,27.25,53519900,0,0.785,0.215,0.8176,0
815,27.450001,27.450001,27.49,27,98776500,0.081,0.919,0,-0.296,0
816,27.200001,27.059999,27.25,27,20842400,0.191,0.73,0.079,-0.5385,0
817,27.030001,26.860001,27.200001,26.700001,31631100,0,0.924,0.076,0.1154,0
818,26.709999,26.549999,26.9,26.549999,28239900,0,1,0,0,1
819,27.25,27.620001,27.73,27.15,52899300,0.019,0.807,0.173,0.8834,0
820,26.77,26.690001,26.879999,26.639999,37110400,0.194,0.806,0,-0.8625,0
821,26.75,26.549999,26.790001,26.459999,44703100,0.105,0.814,0.081,-0.1779,1
822,26.49,26.83,26.93,26.280001,55512100,0,1,0,0,1
823,26.83,27.209999,27.290001,26.83,48244500,0.113,0.678,0.209,0.5859,0
824,27.15,27.040001,27.23,27.01,41077400,0,1,0,0,1
825,27.1,27.25,27.290001,27.040001,52167700,0.032,0.84,0.128,0.7425,0
826,27.299999,27.15,27.450001,27,58650600,0,0.896,0.104,0.8496,1
827,27.200001,27.610001,27.639999,27.200001,50387700,0,1,0,0,1
828,27.58,27.879999,28.23,27.389999,81847700,0.071,0.652,0.277,0.9209,1
829,27.82,28.01,28.129999,27.6,49242600,0,0.9,0.1,0.4767,0
830,28.01,27.85,28.190001,27.76,43580500,0.07,0.818,0.112,0.34,0
831,27.790001,27.450001,27.969999,27.4,50530000,0.168,0.832,0,-0.872,0
832,27.870001,27.440001,28.02,27.42,50540000,0.03,0.765,0.205,0.9259,0
833,27.620001,27.5,27.66,27.360001,35410400,0,1,0,0,1
834,27.35,27.549999,27.709999,27.309999,33318500,0.074,0.789,0.138,0.5859,1
835,27.65,27.860001,27.92,27.5,32247700,0,0.917,0.083,0.6249,1
836,27.92,28.040001,28.059999,27.870001,32663200,0.075,0.764,0.161,0.6249,0
837,27.74,27.49,27.74,27.23,49078500,0,0.943,0.057,0.3071,0
838,27.969999,27.370001,28.049999,27.370001,48011800,0.059,0.84,0.101,0.6694,0
839,27.379999,27.370001,27.6,27.34,49923300,0.028,0.94,0.032,0.0772,0
840,27.879999,27.799999,27.969999,27.74,35840200,0,0.77,0.23,0.9274,1
841,27.719999,27.950001,27.98,27.52,34849700,0.031,0.879,0.089,0.5984,1
842,27.85,28.15,28.15,27.700001,38157500,0,0.846,0.154,0.802,0
843,28.209999,28.09,28.23,27.780001,51448500,0.098,0.769,0.133,0.2732,1
844,28.110001,28.139999,28.280001,28.01,29196700,0.019,0.845,0.136,0.9714,0
845,27.940001,27.870001,27.969999,27.67,36627500,0,1,0,0,1
846,27.84,27.91,27.950001,27.639999,39255200,0.142,0.858,0,-0.8074,1
847,27.870001,27.92,28.02,27.75,29093400,0.061,0.939,0,-0.5106,1
848,28,28.139999,28.16,27.93,55914800,0,0.867,0.133,0.743,1
849,28.030001,28.040001,28.16,27.98,92710300,0.154,0.708,0.138,-0.128,1
850,28.120001,28.18,28.219999,28.030001,51901600,0.212,0.757,0.031,-0.875,0
851,28.34,28.32,28.49,28.18,35447800,0.107,0.815,0.078,-0.4019,1
852,28.190001,28.25,28.34,28.1,28720900,0.043,0.851,0.106,0.7618,0
853,28.299999,28.16,28.35,27.959999,44154000,0,0.969,0.031,0.0525,1
854,28.139999,28.370001,28.450001,28.08,36047400,0.081,0.919,0,-0.4404,0
855,28.639999,28.610001,28.66,28.360001,29201100,0,1,0,0,0
856,28.75,28.559999,28.950001,28.540001,35062800,0.014,0.957,0.029,0.2263,1
857,28.389999,28.6,28.610001,28.27,45263200,0.046,0.897,0.057,0.1596,1
858,28.219999,28.700001,28.780001,28.110001,50927300,0.11,0.89,0,-0.1531,1
859,28.73,29.610001,29.82,28.68,77733800,0,0.744,0.256,0.8402,1
860,29.57,30.280001,30.32,29.52,71116700,0.089,0.842,0.069,-0.1531,0
861,28.85,28.790001,29.02,28.66,62886300,0.086,0.744,0.17,0.4215,1
862,28.9,28.969999,29.139999,28.700001,52797300,0,0.862,0.138,0.4939,0
863,28.85,28.83,29.040001,28.6,52840700,0.022,0.824,0.154,0.8402,1
864,29.620001,29.77,30.24,29.610001,99790700,0.074,0.859,0.067,-0.4404,1
865,30.299999,30.83,31.18,30.27,137904000,0.068,0.869,0.063,-0.0516,0
866,30.700001,30.6,30.9,30.379999,59126900,0,0.923,0.077,0.2732,1
867,31.709999,31.940001,32.84,31.540001,110700200,0.082,0.866,0.052,-0.7691,0
868,31.9,31.790001,31.98,31.450001,47799300,0.07,0.879,0.052,-0.1779,1
869,31.799999,32.610001,32.68,31.77,59116400,0.038,0.902,0.061,0.4321,0
870,32.93,32.720001,33.080002,32.599998,54330900,0,0.933,0.067,0.4588,1
871,32.630001,33.16,33.169998,32.389999,46059500,0,0.906,0.094,0.4767,1
872,33.419998,33.75,33.91,33.25,40978300,0.106,0.894,0,-0.3612,0
873,33.650002,33.310001,33.790001,33.240002,43078300,0.073,0.887,0.04,-0.3612,0
874,32.849998,32.66,33,32.59,46417800,0.027,0.896,0.077,0.4939,1
875,32.669998,32.689999,32.720001,32.32,36394900,0,0.799,0.201,0.9062,1
876,32.610001,33.029999,33.07,32.549999,36027600,0.112,0.706,0.182,0.6599,1
877,33.639999,34.080002,34.150002,33.549999,59382900,0,0.92,0.08,0.2732,1
878,34.130001,34.869999,34.869999,34.099998,60666700,0,0.832,0.168,0.7096,1
879,34.73,35.080002,35.099998,34.68,54020800,0.028,0.862,0.11,0.7574,0
880,35.099998,34.849998,35.27,34.720001,48702400,0,0.986,0.014,0.0772,0
881,34.790001,34.610001,34.84,34.360001,66047500,0.021,0.876,0.103,0.8271,1
882,33.919998,34.27,34.279999,33.900002,33174400,0.129,0.807,0.064,-0.5106,1
883,34.419998,35.02,35.18,34.41,48212100,0,0.887,0.113,0.5106,1
884,34.849998,35.029999,35.25,34.810001,51131000,0.047,0.875,0.077,0.2617,1
885,34.82,34.900002,35.279999,34.790001,56165700,0,1,0,0,1
886,34.599998,34.779999,34.889999,34.43,46025100,0.067,0.91,0.022,-0.4588,1
887,35.25,35.669998,35.779999,35.060001,40757300,0,1,0,0,0
888,35.049999,34.84,35.18,34.68,39435900,0.056,0.792,0.153,0.8928,0
889,35.139999,35,35.27,34.849998,37372700,0.099,0.821,0.081,-0.5106,0
890,34.549999,34.400002,34.689999,34.25,53192600,0.113,0.848,0.039,-0.6652,1
891,34.689999,35,35.16,34.630001,49670100,0.02,0.962,0.018,-0.0258,1
892,34.970001,34.98,35.169998,34.900002,28616500,0.097,0.903,0,-0.4215,0
893,34.259998,33.490002,34.330002,33.369999,54493700,0.024,0.932,0.044,0.34,1
894,34.119999,34.349998,34.48,33.889999,48665900,0.031,0.969,0,-0.2263,0
895,34.75,34.360001,34.990002,34.330002,31055400,0.052,0.898,0.05,-0.0129,1
896,34.34,34.700001,34.810001,34.32,29658800,0.08,0.796,0.124,0.4215,1
897,35.580002,35.669998,35.73,35.279999,35501200,0,0.879,0.121,0.9349,1
898,36.009998,36.27,36.43,35.959999,36378500,0.049,0.79,0.162,0.8074,0
899,36.34,35.740002,36.389999,35.490002,37285100,0.062,0.834,0.104,0.4767,0
900,32.400002,31.4,32.669998,31.02,248428500,0.156,0.796,0.048,-0.875,0
901,32.040001,31.959999,32.189999,31.889999,52803100,0,0.74,0.26,0.8591,0
902,31.620001,31.389999,31.65,31.25,63213000,0.086,0.764,0.15,0.4215,1
903,31.26,31.620001,31.620001,31.209999,38633600,0.168,0.606,0.226,0.1779,1
904,31.690001,31.889999,31.9,31.57,29199900,0,1,0,0,1
905,32.240002,32.889999,33.07,32.049999,59034400,0.024,0.863,0.113,0.8625,0
906,32,31.790001,32.18,30.84,33338000,0,0.805,0.195,0.9531,1
907,31.790001,31.799999,31.99,31.66,32866300,0,0.958,0.042,0.4019,0
908,35.169998,34.75,35.200001,34,225493800,0.082,0.709,0.21,0.8613,0
909,34.400002,34.150002,34.669998,34.029999,72786800,0.137,0.863,0,-0.533,0
910,33.389999,33.02,33.599998,33,44257400,0,0.906,0.094,0.4404,1
911,32.93,33.549999,33.599998,32.799999,45284700,0,0.864,0.136,0.3182,1
912,31.75,31.879999,32.07,31.290001,154507000,0,1,0,0,0
913,31.389999,31.200001,31.469999,31.110001,142320600,0.068,0.866,0.066,0.4019,1
914,31.1,31.23,31.440001,30.950001,71644900,0.061,0.795,0.144,0.5346,1
915,31.9,32.389999,32.400002,31.790001,56881200,0.074,0.792,0.133,0.5719,1
916,32.57,32.740002,32.93,32.529999,39087500,0.079,0.861,0.06,-0.3182,0
917,32.720001,32.689999,32.779999,32.59,32860200,0.044,0.893,0.063,0.25,0
918,33.380001,32.799999,33.5,32.73,52839700,0,1,0,0,0
919,33.419998,32.93,33.470001,32.900002,84716500,0.073,0.927,0,-0.296,1
920,32.990002,33.32,33.400002,32.830002,64099900,0,0.906,0.094,0.6249,0
921,33.41,32.790001,33.48,32.689999,102904900,0,0.817,0.183,0.743,1
922,32.540001,32.740002,32.970001,32.5,39826100,0.064,0.809,0.128,0.128,1
923,32.490002,32.509998,32.799999,32.400002,28907500,0.167,0.833,0,-0.6808,1
924,32.639999,32.77,33,32.59,28504000,0.215,0.706,0.08,-0.8316,1
925,33,33.279999,33.310001,32.700001,39839500,0,0.882,0.118,0.8354,1
926,33.349998,33.580002,33.610001,33.299999,36718700,0.101,0.792,0.106,0.0516,0
927,33.880001,33.860001,34,33.419998,38703800,0.109,0.81,0.081,-0.0516,0
928,33.599998,33.299999,33.709999,33.200001,35069300,0.06,0.846,0.094,0.4939,0
929,33.310001,33.009998,33.330002,32.799999,41017600,0,0.951,0.049,0.4927,0
930,33.07,33.07,33.349998,32.959999,35878600,0,0.909,0.091,0.4005,1
931,33.68,34.130001,34.139999,33.68,30033300,0,0.862,0.138,0.4939,1
932,33.900002,34.450001,34.5,33.779999,27757900,0,1,0,0,1
933,34.599998,34.639999,34.900002,34.560001,35111600,0.053,0.871,0.076,0.2732,1
934,34.450001,34.919998,34.990002,34.369999,31359200,0.048,0.849,0.103,0.7096,1
935,34.98,34.990002,35.200001,34.91,27433500,0.04,0.938,0.023,-0.25,0
936,35.02,34.580002,35.099998,34.52,40438500,0,0.862,0.138,0.8271,0
937,34.349998,33.759998,34.490002,33.669998,58600500,0,0.815,0.185,0.765,0
938,35.880001,35.73,36.290001,35.470001,113494000,0.023,0.919,0.059,0.4215,1
939,35.529999,35.540001,35.790001,35.43,36997700,0.013,0.898,0.088,0.6387,0
940,35.669998,35.529999,35.689999,35.389999,40264600,0,0.873,0.127,0.4939,1
941,35.59,35.939999,35.98,35.549999,28060700,0,0.916,0.084,0.5423,0
942,37.959999,37.5,38.009998,37.43,60437400,0.043,0.845,0.112,0.6124,1
943,36.98,38.16,38.16,36.900002,44957600,0.116,0.797,0.087,-0.0772,1
944,37.869999,38.02,38.130001,37.720001,46183700,0,0.897,0.103,0.4754,0
945,37.349998,37.200001,37.580002,37.07,53277500,0.042,0.864,0.094,0.4767,0
946,36.849998,36.740002,37.23,36.669998,44275000,0.174,0.674,0.152,-0.1027,1
947,37.27,37.400002,37.529999,37.259998,23064700,0.087,0.789,0.125,0.5267,1
948,37.529999,37.57,37.68,37.330002,27982000,0.043,0.931,0.026,-0.0772,0
949,37.57,37.349998,37.650002,37.349998,34465300,0.085,0.845,0.07,-0.128,1
950,37.57,37.599998,37.759998,37.490002,26002100,0.101,0.852,0.048,-0.3716,1
951,38.139999,38.310001,38.490002,38.080002,52109800,0,1,0,0,0
952,38.849998,38,38.880001,37.18,116305000,0,0.825,0.175,0.9169,0
953,38.419998,38.360001,38.549999,37.990002,36457300,0.055,0.945,0,-0.2732,1
954,38.560001,38.709999,38.869999,38.369999,30286000,0,1,0,0,0
955,38.610001,38.110001,38.900002,38.02,37828600,0.042,0.897,0.061,0.25,0
956,37.639999,37.220001,37.639999,37.18,36012800,0,0.853,0.147,0.5106,0
957,37.419998,36.689999,37.450001,36.619999,40066100,0.09,0.817,0.093,0.3451,0
958,36.939999,36.52,37.110001,36.330002,45687700,0.058,0.868,0.074,0.0516,1
959,36.360001,36.580002,36.599998,35.529999,63192100,0,1,0,0,1
960,37.200001,37.439999,37.490002,37.169998,17612800,0,1,0,0,0
961,37.349998,37.16,37.400002,37.099998,30632200,0,1,0,0,0
962,36.849998,36.130001,36.889999,36.110001,43603700,0,0.863,0.137,0.5574,0
963,35.880001,35.529999,35.91,35.400002,36516300,0.04,0.863,0.096,0.8201,1
964,35.900002,36.040001,36.150002,35.75,40548800,0,0.908,0.092,0.5267,1
965,34.73,35.779999,35.880001,34.630001,41623300,0.057,0.855,0.088,0.296,1
966,35.900002,36.759998,36.790001,35.849998,44812600,0,0.855,0.145,0.8176,1
967,36.689999,36.889999,37,36.310001,38018700,0,0.89,0.11,0.743,0
968,37.450001,36.810001,37.549999,36.529999,76395500,0.095,0.777,0.129,0.5267,0
969,36.869999,36.029999,36.889999,35.98,44420800,0,0.914,0.086,0.4404,1
970,35.98,36.66,36.880001,35.900002,52745900,0,1,0,0,1
971,36.790001,36.860001,36.880001,36.23,35036300,0.051,0.826,0.124,0.4404,0
972,37.740002,36.48,37.990002,36.43,64063100,0.08,0.869,0.051,-0.1531,0
973,36.970001,36.349998,37.189999,36.25,54697900,0.065,0.861,0.074,0.0772,1
974,35.799999,36.18,36.25,35.689999,35351800,0.05,0.95,0,-0.4201,1
975,36.32,36.560001,36.59,36.009998,33260500,0,0.759,0.241,0.8201,1
976,36.880001,37.169998,37.259998,36.860001,32141400,0,0.712,0.288,0.7964,1
977,37.389999,37.619999,37.779999,37.330002,31407500,0.056,0.89,0.055,-0.2732,0
978,37.630001,37.419998,37.779999,37.41,32834000,0.059,0.865,0.076,0.1674,1
979,37.57,37.75,37.869999,37.400002,27526100,0.092,0.839,0.069,0.1531,1
980,37.939999,37.98,38.349998,37.860001,38021300,0,1,0,0,0
981,37.689999,37.689999,37.98,37.540001,32085100,0.035,0.926,0.039,0.0772,1
982,37.450001,37.860001,37.889999,37.23,33903400,0.048,0.902,0.051,0.0258,1
983,38.200001,38.41,38.48,38.07,26802400,0,1,0,0,0
984,38.279999,37.900002,38.360001,37.689999,26591600,0.044,0.935,0.021,-0.2263,0
985,37.990002,37.82,38.009998,37.720001,19006600,0,0.812,0.188,0.7964,1
986,37.869999,38.02,38.23,37.720001,25216400,0.125,0.82,0.056,-0.2732,0
987,38.419998,37.889999,38.450001,37.639999,32169700,0.066,0.872,0.062,-0.296,1
988,38.259998,39.549999,39.900002,38.220001,64063900,0,0.884,0.116,0.891,1
989,39.25,40.330002,40.650002,39.240002,59269800,0,0.839,0.161,0.6908,0
990,40.66,40.34,40.990002,39.959999,43193100,0,1,0,0,0
991,40.48,39.790001,40.709999,39.599998,41977500,0.052,0.631,0.317,0.8131,1
992,39.790001,40.299999,40.639999,39.68,43472700,0.071,0.853,0.076,0.0559,1
993,40.43,40.990002,41.5,40.400002,46886300,0.042,0.833,0.125,0.3818,1
994,41.150002,41.419998,41.59,41.07,32605000,0.075,0.839,0.087,0.1027,0
995,41.290001,41.009998,41.290001,40.709999,30139600,0.088,0.79,0.121,0.2023,0
996,41.25,39.869999,41.389999,39.639999,51409600,0.035,0.965,0,-0.128,0
997,40.439999,39.360001,40.689999,39.09,45960800,0.049,0.907,0.044,-0.0516,1
998,39,39.209999,39.790001,39,34330200,0.04,0.96,0,-0.0772,1
999,39.110001,39.18,39.41,38.900002,32006600,0,0.755,0.245,0.8442,1
1000,40.060001,40.400002,40.419998,39.91,30615800,0.152,0.818,0.03,-0.7845,0
1001,40.009998,40.009998,40.200001,39.509998,36688400,0.012,0.85,0.139,0.9351,1
1002,39.959999,39.990002,40.139999,39.830002,27056700,0.033,0.788,0.18,0.872,0
1003,40.290001,39.91,40.68,39.75,56876800,0,0.926,0.074,0.8603,1
1004,40.139999,40.869999,41.290001,40.09,50610200,0.042,0.922,0.036,-0.1027,0
1005,41.099998,40.509998,41.189999,40.389999,29636200,0.07,0.738,0.192,0.9209,0
1006,40.240002,40,40.360001,39.950001,28787400,0.045,0.819,0.136,0.4215,0
1007,40.310001,39.689999,40.34,39.66,43416600,0.038,0.759,0.202,0.962,1
1008,39.220001,39.419998,39.509998,38.509998,41744500,0.023,0.844,0.132,0.8126,1
1009,39.34,39.639999,39.900002,38.970001,32120400,0,0.938,0.062,0.7003,1
1010,39.740002,39.970001,40.02,39.650002,22782600,0.062,0.776,0.163,0.802,0
1011,40.09,39.599998,40.400002,39.509998,37793200,0,0.812,0.188,0.4588,1
1012,39.669998,39.830002,39.84,39.27,29867100,0.131,0.869,0,-0.7351,0
1013,39.68,39.68,39.939999,39.459999,21320900,0.035,0.879,0.086,0.4767,1
1014,39.799999,40.349998,40.349998,39.740002,22398700,0.056,0.918,0.026,-0.3612,0
1015,40.369999,40.119999,40.369999,40,18020000,0.05,0.908,0.043,-0.25,0
1016,40.259998,40.189999,40.259998,39.810001,26160600,0,0.951,0.049,0.6486,0
1017,40.139999,40.009998,40.189999,39.82,25711500,0.066,0.885,0.049,-0.2075,1
1018,40.450001,40.939999,40.970001,40.25,34567600,0,0.907,0.093,0.7865,0
1019,40.950001,40.790001,41.09,40.68,18504300,0.22,0.636,0.144,-0.4215,1
1020,40.59,41.209999,41.25,40.400002,31865200,0.127,0.767,0.106,-0.1027,0
1021,40.810001,40.580002,40.880001,40.290001,29818900,0,0.819,0.181,0.802,0
1022,41.57,41.509998,41.77,41.330002,19828200,0,0.754,0.246,0.8316,1
1023,41.73,41.990002,42,41.689999,18743900,0.082,0.881,0.037,-0.3818,0
1024,41.830002,41.75,41.939999,41.560001,26509100,0.076,0.787,0.138,0.296,0
1025,41.91,41.799999,41.990002,41.560001,15969300,0.128,0.759,0.114,-0.1491,0
1026,41.98,41.669998,41.990002,41.529999,18445900,0.058,0.836,0.107,0.5267,1
1027,41.700001,42.09,42.09,41.48,24083000,0,1,0,0,1
1028,42.509998,44.080002,44.310001,42.48,63318000,0.044,0.846,0.11,0.5041,1
1029,44.650002,44.689999,44.84,44.25,43407500,0,0.93,0.07,0.5719,1
1030,44.560001,44.84,45.16,44.220001,37604400,0,0.962,0.038,0.2023,0
1031,45.450001,44.869999,45.450001,44.619999,52362900,0,0.903,0.097,0.8294,0
1032,44.93,44.400002,45,44.32,30725300,0.076,0.891,0.033,-0.4939,0
1033,44.360001,43.970001,44.509998,43.93,29684200,0,1,0,0,0
1034,43.91,43.889999,44.09,43.639999,27763100,0,1,0,0,0
1035,43.380001,43.16,43.689999,43.080002,31537500,0,0.966,0.034,0.1603,0
1036,43.209999,42.860001,43.25,42.599998,31170300,0.045,0.866,0.089,0.2846,1
1037,42.970001,43.369999,43.470001,42.810001,34277400,0.033,0.822,0.145,0.8442,0
1038,42.740002,42.740002,43.169998,42.209999,24634000,0,0.789,0.211,0.8658,1
1039,42.84,43.23,43.450001,42.650002,30314900,0.157,0.8,0.042,-0.4872,0
1040,43.259998,43.200001,43.450001,43.02,20351600,0.11,0.782,0.108,-0.3079,1
1041,44.080002,44.27,44.419998,44.009998,19313200,0.06,0.792,0.148,0.9387,1
1042,44.580002,44.790001,44.900002,44.400002,41611300,0,0.929,0.071,0.5106,1
1043,44.939999,45.110001,45.110001,44.68,26891100,0,0.783,0.217,0.3612,0
1044,45.34,44.950001,45.400002,44.900002,24770500,0,1,0,0,0
1045,45.349998,45.150002,45.470001,45.07,18294500,0,1,0,0,0
1046,45.400002,45.169998,45.439999,45.040001,16910000,0,1,0,0,0
1047,44.900002,44.869999,45,44.759998,21287900,0.16,0.737,0.103,-0.5106,0
1048,45.43,45.09,45.459999,44.849998,22976800,0.133,0.867,0,-0.5994,1
1049,45.110001,45.91,45.93,45.110001,36939400,0.086,0.857,0.057,-0.2263,1
1050,46.470001,46.759998,46.970001,46.419998,40302400,0.11,0.816,0.074,-0.4588,1
1051,46.82,46.84,46.939999,46.279999,27302400,0.034,0.902,0.063,0.296,1
1052,46.740002,47,47,46.470001,29216400,0,0.958,0.042,0.0772,1
1053,46.389999,46.759998,46.849998,46.290001,27910600,0.139,0.831,0.03,-0.5994,1
1054,46.259998,46.52,46.689999,46.23,38311900,0.165,0.717,0.118,-0.3612,0
1055,47.299999,47.060001,47.380001,46.98,38686100,0,0.948,0.052,0.3612,0
1056,46.880001,46.040001,47.09,46.029999,33077400,0,1,0,0,1
1057,45.98,46.439999,46.560001,45.759998,26091000,0,0.969,0.031,0.2263,0
1058,46.369999,46.360001,46.48,46.009998,33033100,0.048,0.952,0,-0.2382,0
1059,45.830002,45.759998,46.099998,45.639999,25119400,0,0.802,0.198,0.8126,1
1060,45.98,46.09,46.299999,45.610001,32453200,0,1,0,0,0
1061,46.119999,46.09,46.299999,45.919998,20604000,0,0.868,0.132,0.7506,0
1062,46.5,45.849998,46.799999,45.740002,34422800,0,0.844,0.156,0.8553,0
1063,45.599998,44.029999,46.119999,43.950001,51978100,0,0.932,0.068,0.6808,1
1064,42.529999,42.740002,43.080002,42.220001,49040400,0,0.865,0.135,0.8402,1
1065,43.200001,43.630001,43.939999,42.790001,40683300,0,0.828,0.172,0.6369,1
1066,43.060001,44.080002,44.139999,42.810001,34527900,0.121,0.864,0.014,-0.8689,0
1067,45,44.380001,45.07,44.23,33570900,0.071,0.751,0.178,0.8047,1
1068,44.619999,45.02,45.450001,44.529999,45451900,0.023,0.856,0.121,0.7579,0
1069,46.32,46.049999,46.32,45.77,30073900,0,0.868,0.132,0.9087,1
1070,46.939999,46.950001,46.970001,46.48,35849700,0.085,0.789,0.126,0.516,1
1071,47.860001,48.700001,48.860001,47.790001,33037800,0,0.812,0.188,0.9001,0
1072,48.919998,48.68,48.919998,48.290001,28000600,0.153,0.732,0.115,-0.4215,1
1073,48.810001,49.610001,49.650002,48.709999,26210400,0.025,0.927,0.047,0.296,1
1074,49.41,49.459999,49.709999,49.139999,30318600,0,0.651,0.349,0.9729,0
1075,49.02,47.98,49.049999,47.57,42884800,0,0.841,0.159,0.1779,0
1076,47.990002,47.59,48,47.389999,35434200,0,1,0,0,1
1077,47.490002,47.75,47.990002,47.279999,27163600,0.442,0.558,0,-0.9595,0
1078,47.950001,47.810001,48.200001,47.610001,21534400,0.139,0.833,0.028,-0.7783,1
1079,47.880001,48.619999,48.779999,47.709999,31191600,0,0.912,0.088,0.4404,1
1080,48.389999,48.84,49.060001,48.200001,30320400,0.081,0.838,0.08,0.4497,0
1081,48.82,48.419998,48.970001,48.380001,27313400,0.104,0.805,0.091,0.0387,1
1082,47.080002,47.169998,47.740002,46.68,29060400,0,0.87,0.13,0.8519,1
1083,46.779999,46.950001,47.73,46.669998,34248400,0,1,0,0,0
1084,47.200001,46.669998,47.669998,46.549999,29247800,0.208,0.792,0,-0.765,0
1085,48.41,47.880001,48.41,47.82,13197800,0,0.938,0.062,0.5106,0
1086,47.439999,47.02,47.619999,46.84,16384700,0,0.933,0.067,0.3818,0
1087,46.369999,46.330002,46.73,46.25,39673900,0,0.816,0.184,0.7269,1
1088,45.310001,46.240002,46.279999,45.169998,35695300,0.252,0.686,0.062,-0.8225,1
1089,46.380001,47.130001,47.139999,46.080002,35898000,0.054,0.861,0.085,0.3818,1
1090,47,47.009998,47.130001,46.240002,42525500,0.036,0.918,0.046,0.1027,0
1091,42.950001,42.66,43.200001,42.110001,169164000,0.161,0.77,0.069,-0.9001,1
1092,40.93,42.009998,42.119999,40.790001,63585300,0,0.961,0.039,0.3612,0
1093,41.549999,40.400002,41.580002,40.349998,78004900,0.018,0.86,0.122,0.886,0
1094,41.630001,41.599998,41.93,41.049999,52082400,0,1,0,0,0
1095,41.939999,41.84,42.209999,41.360001,41614800,0.091,0.811,0.098,0.128,0
1096,42.68,42.41,42.790001,42.150002,34616600,0.157,0.551,0.291,0.7269,0
1097,42.740002,42.599998,42.77,42.18,29670700,0,0.95,0.05,0.1901,1
1098,42.66,43.09,43.09,42.509998,33268800,0.179,0.755,0.066,-0.9366,1
1099,43.509998,43.860001,43.880001,43.290001,29721100,0,1,0,0,1
1100,43.700001,44.150002,44.189999,43.650002,32518800,0,1,0,0,0
1101,44.150002,44.09,44.299999,43.919998,25271700,0,0.802,0.198,0.7684,1
1102,43.990002,44.060001,44.23,43.889999,28957300,0.043,0.836,0.121,0.6124,1
1103,43.07,43.110001,43.240002,42.82,23193500,0.083,0.866,0.051,-0.6705,0
1104,42.310001,41.98,42.369999,41.84,32215300,0.123,0.691,0.186,0.3919,1
1105,40.700001,41.380001,41.470001,40.610001,58007700,0.096,0.836,0.068,-0.1531,1
1106,41.43,42.5,42.830002,41.330002,44194800,0.112,0.792,0.097,-0.4767,1
1107,42.560001,42.880001,42.98,42.490002,71904500,0,0.892,0.108,0.3847,1
1108,42.779999,42.900002,43.169998,42.75,25513300,0,0.94,0.06,0.2732,0
1109,41.220001,41.209999,41.610001,40.919998,37495600,0,0.944,0.056,0.6486,0
1110,41.119999,40.970001,41.43,40.830002,34401400,0,0.935,0.065,0.25,1
1111,40.599998,40.720001,40.759998,40.310001,36865300,0.01,0.907,0.083,0.7923,0
1112,40.66,40.290001,40.740002,40.119999,37487500,0.014,0.894,0.092,0.7124,1
1113,41.25,41.48,41.619999,41.25,25723900,0.018,0.802,0.18,0.9571,1
1114,41.630001,41.720001,41.950001,41.41,28022000,0.105,0.895,0,-0.7096,0
1115,41.799999,41.650002,42.029999,41.389999,24244400,0.07,0.811,0.119,0.2023,1
1116,41.950001,42.16,42.34,41.82,22509700,0.106,0.868,0.026,-0.6896,0
1117,41.669998,41.619999,41.740002,41.16,42387600,0,0.926,0.074,0.4939,1
1118,42.669998,42.990002,43.130001,42.549999,25064300,0.027,0.882,0.091,0.6908,1
1119,45.66,47.869999,48.139999,45.650002,130933700,0.119,0.786,0.095,-0.8321,1
1120,48.720001,49.060001,49.310001,48.5,47804600,0.122,0.878,0,-0.4939,0
1121,48.700001,48.639999,49.540001,48.599998,64725500,0.062,0.847,0.091,0.4215,0
1122,47.82,47.599998,48.16,47.310001,50369200,0,1,0,0,0
1123,47.57,46.279999,47.77,46.02,52433000,0.3,0.648,0.053,-0.7269,1
1124,47.549999,47.75,47.98,47.52,35364900,0.029,0.894,0.077,0.5106,0
1125,47.549999,47.369999,47.91,47.369999,24609400,0,1,0,0,1
1126,48.029999,48.720001,48.82,48.029999,32980900,0.104,0.823,0.073,-0.25,1
1127,47.389999,47.580002,47.93,47.27,25047900,0.169,0.671,0.16,-0.2551,0
1128,46.830002,46.59,46.880001,46.189999,29581900,0.062,0.789,0.148,0.5574,0
1129,47.5,47.450001,48.02,47.389999,19283700,0.04,0.828,0.132,0.7543,0
1130,47.369999,46.849998,47.740002,46.82,28002200,0,0.882,0.118,0.5267,0
1131,46.310001,46.139999,46.52,45.84,25438100,0,0.898,0.102,0.5267,0
1132,46.299999,45.73,46.43,45.669998,22121600,0.086,0.735,0.179,0.6597,1
1133,45.790001,46.610001,46.830002,45.689999,28417400,0,1,0,0,0
1134,46.66,46.439999,46.919998,46.130001,27347800,0.044,0.807,0.149,0.8625,0
1135,46.220001,45.970001,46.470001,45.900002,23931000,0,0.926,0.074,0.4767,1
1136,45.73,45.970001,46.07,45.360001,28704100,0,0.928,0.072,0.4215,1
1137,46.220001,46.720001,46.799999,46.169998,32658300,0.022,0.978,0,-0.0516,0
1138,46.330002,46.23,46.720001,46.16,20318100,0,0.809,0.191,0.9274,0
1139,46.130001,45.91,46.279999,45.619999,25896500,0,0.782,0.218,0.7964,0
1140,46.029999,45.650002,46.060001,45.5,20616000,0,0.923,0.077,0.4767,0
1141,44.709999,44.150002,44.720001,43.939999,35945400,0,1,0,0,0
1142,44.48,44.400002,44.75,44.060001,21752000,0.041,0.839,0.12,0.885,0
1143,44.439999,44.240002,44.900002,44.029999,39785900,0.096,0.904,0,-0.8442,1
1144,44.98,45.540001,45.619999,44.950001,28178300,0.026,0.88,0.094,0.6908,1
1145,45.450001,45.619999,45.959999,45.310001,22880300,0.037,0.866,0.097,0.7845,1
1146,45.68,45.759998,45.889999,45.43,26629600,0,0.917,0.083,0.2263,1
1147,46.549999,46.619999,46.779999,46.259998,29467100,0,0.828,0.172,0.6808,1
1148,46.650002,46.919998,47.130001,46.439999,30631900,0.044,0.806,0.149,0.6369,1
1149,45.439999,45.540001,46.93,45.200001,59152400,0.085,0.806,0.109,0.4404,1
1150,45.27,46.110001,46.23,45.099998,33934000,0.141,0.859,0,-0.7506,1
1151,45.91,45.939999,46.32,45.799999,32333200,0,0.714,0.286,0.8402,1
1152,45.400002,46.290001,46.779999,45.259998,40945900,0,1,0,0,0
1153,47.290001,46.700001,47.369999,46.5,31201500,0.03,0.887,0.083,0.5856,0
1154,46.98,46.810001,47,46.450001,24125900,0,0.68,0.32,0.926,1
1155,46.75,47.540001,47.709999,46.68,33403900,0,0.925,0.075,0.6249,0
1156,47.709999,46.619999,47.77,46.330002,27368000,0,0.875,0.125,0.7645,1
1157,46.389999,46.740002,46.779999,46.259998,19163000,0,0.931,0.069,0.5023,0
1158,46.82,46.41,46.939999,45.900002,29237400,0,0.835,0.165,0.8271,1
1159,46.189999,46.740002,46.900002,45.709999,30181400,0.114,0.648,0.238,0.6737,1
1160,46.529999,47,47.099998,46.52,21473400,0.062,0.862,0.076,0.25,0
1161,46.779999,46.610001,47.080002,46.299999,31485500,0,0.745,0.255,0.6705,0
1162,46.07,45.66,46.470001,45.66,36238200,0.067,0.842,0.091,0.1779,1
1163,40.450001,41.68,42.689999,39.720001,88753700,0,1,0,0,0
1164,42.57,40.470001,43.240002,40.389999,70616600,0,0.76,0.24,0.7845,1
1165,43.400002,43.93,44.150002,43.389999,28246700,0.085,0.835,0.08,-0.0772,0
1166,43.560001,43.52,43.93,43.099998,34441700,0.038,0.962,0,-0.0772,1
1167,42.360001,43.360001,43.380001,41.880001,37671500,0.136,0.831,0.033,-0.6249,0
1168,42.810001,42.610001,43.040001,42.200001,37138800,0,1,0,0,0
1169,44.209999,43.07,44.400002,42.91,33469500,0.026,0.778,0.195,0.8807,1
1170,43.119999,43.290001,43.790001,42.75,31366600,0.015,0.863,0.122,0.9209,1
1171,43.189999,43.98,44.290001,43.080002,28882200,0,1,0,0,0
1172,44.290001,44.25,45,44.080002,32768200,0,0.962,0.038,0.3182,0
1173,43.5,43.48,43.990002,43.330002,63143700,0,0.936,0.064,0.4215,1
1174,43.380001,43.900002,44.049999,43.310001,28085900,0.158,0.842,0,-0.5106,0
1175,43.93,43.869999,44.169998,43.509998,17145200,0,0.911,0.089,0.631,1
1176,43.450001,43.91,44.130001,43.27,27905600,0.072,0.866,0.062,0.0258,0
1177,44.48,43.939999,44.73,43.759998,29384600,0.053,0.862,0.085,0.2382,1
1178,43.369999,43.439999,43.57,43.049999,32763600,0.024,0.946,0.03,0.1154,1
1179,43.880001,44.259998,44.299999,43.66,34958900,0.157,0.743,0.101,-0.34,1
1180,44.27,45.57,45.57,43.919998,41839000,0.112,0.764,0.124,-0.128,1
1181,45.75,46.630001,46.889999,45.700001,34369300,0.017,0.847,0.136,0.8658,0
1182,47.099998,46.799999,47.349998,45.950001,27711500,0,0.849,0.151,0.5868,1
1183,46.650002,46.68,47.099998,46.529999,24697800,0.104,0.783,0.113,0.2299,0
1184,47.009998,47.009998,47.029999,46.529999,27189400,0.093,0.843,0.064,-0.25,1
1185,47.419998,47.619999,47.880001,47.02,29387600,0.094,0.787,0.119,0.296,1
1186,47.529999,48.029999,48.950001,47.09,56637100,0.132,0.762,0.106,-0.2144,1
1187,52.299999,52.869999,54.07,52.25,135227100,0,0.855,0.145,0.886,0
1188,53.990002,53.689999,54.369999,53.580002,50999900,0,0.936,0.064,0.2263,1
1189,53.540001,53.98,53.98,52.860001,47000800,0.206,0.67,0.123,-0.4767,0
1190,53.540001,53.360001,53.830002,53.220001,30202100,0.073,0.818,0.109,0.5267,1
1191,52.849998,53.240002,53.360001,52.619999,30285000,0.093,0.868,0.039,-0.4939,1
1192,52.93,54.150002,54.389999,52.900002,36596900,0.051,0.872,0.077,0.4767,0
1193,54.490002,54.380001,54.700001,54,31468500,0.082,0.918,0,-0.5267,1
1194,54.09,54.919998,54.98,53.959999,32851200,0,0.86,0.14,0.6369,0
1195,53.48,53.32,53.98,53.189999,35361100,0,0.948,0.052,0.4019,0
1196,53.990002,53.939999,54.66,53.779999,28149200,0,0.868,0.132,0.4404,0
1197,54.25,54.189999,54.299999,53.27,37147600,0,0.864,0.136,0.5267,0
1198,54.25,54.189999,54.459999,53.75,28235900,0.117,0.772,0.111,0.1531,0
1199,54.09,53.689999,54.23,53.689999,21005100,0,0.901,0.099,0.5106,1
1200,54.41,55.220001,55.23,54.299999,39952800,0,0.911,0.089,0.8151,0
1201,55.32,55.209999,55.959999,55.060001,47274900,0,0.952,0.048,0.2263,1
1202,54.119999,55.91,56.23,54.099998,43963700,0,0.864,0.136,0.6705,0
1203,55.369999,54.98,55.869999,54.509998,36373200,0.142,0.821,0.036,-0.7717,0
1204,55.389999,55.27,55.66,55.009998,31775800,0.055,0.801,0.144,0.7991,0
1205,54.709999,54.060001,55.099998,54.009998,39549500,0.025,0.805,0.17,0.8539,0
1206,55.66,55.200001,55.900002,55.09,39843000,0,1,0,0,1
1207,55.540001,56.130001,56.25,54.759998,37503300,0.025,0.929,0.046,0.296,0
1208,54.880001,54.830002,55.349998,54.23,37246300,0.056,0.944,0,-0.4588,1
1209,54.990002,55.349998,55.48,54.5,28322200,0.233,0.737,0.03,-0.8689,0
1210,55.860001,55.669998,55.959999,55.43,9558500,0,1,0,0,0
1211,56.040001,55.48,56.189999,55.419998,27334100,0,0.946,0.054,0.25,1
1212,54.93,55.049999,55.389999,54.540001,34079700,0,0.835,0.165,0.8428,0
1213,54.32,54.049999,54.400002,53.639999,39518900,0.07,0.701,0.229,0.7297,0
1214,52.509998,52.299999,52.849998,51.459999,36943800,0.111,0.85,0.039,-0.7469,0
1215,53.799999,51.639999,54.07,51.299999,66883600,0,0.61,0.39,0.8225,1
1216,49.98,50.790001,51.380001,49.099998,63273000,0,0.762,0.238,0.9814,0
1217,51.939999,51.790001,52.650002,51.650002,34707700,0,0.93,0.07,0.5267,1
1218,51.860001,52.060001,52.209999,51.25,62513800,0.028,0.899,0.074,0.4939,1
1219,54.73,55.09,55.09,54,83611700,0.137,0.695,0.168,0.0129,0
1220,54.169998,53,54.259998,52.650002,56313800,0.1,0.79,0.11,0.2263,0
1221,53.25,52.16,53.389999,51.259998,57559800,0.033,0.831,0.137,0.9325,0
1222,52.099998,52,52.810001,51.369999,46987100,0.103,0.806,0.091,-0.3506,1
1223,50.25,50.5,50.68,49.75,34243300,0.117,0.825,0.058,-0.6486,1
1224,50.900002,51.09,51.09,50.130001,37291200,0,0.822,0.178,0.7227,0
1225,52.330002,52.189999,52.950001,52.099998,27176000,0,0.899,0.101,0.6808,0
1226,51.970001,51.82,52.279999,51.529999,33559100,0,0.944,0.056,0.4767,1
1227,50.689999,51.360001,51.5,50.200001,33014500,0.15,0.662,0.187,0.7311,1
1228,51.73,52.099998,52.099998,50.610001,26939500,0.1,0.723,0.178,0.7876,0
1229,51.349998,50.880001,51.650002,50.66,31654000,0,0.792,0.208,0.7311,1
1230,50.970001,52.580002,52.59,50.919998,33024500,0,0.906,0.094,0.4939,0
1231,52.970001,52.349998,52.970001,51.779999,24427800,0.019,0.932,0.049,0.5423,0
1232,52.400002,52.029999,52.450001,51.709999,33034200,0.164,0.789,0.047,-0.5719,1
1233,50.799999,51.650002,52.130001,50.599998,33835100,0.1,0.789,0.112,0.1386,1
1234,51.889999,52.84,52.849998,51.860001,28251600,0,0.883,0.117,0.5106,1
1235,53,53.07,53.07,52.380001,32275700,0,0.929,0.071,0.296,1
1236,52.709999,53.169998,53.59,52.630001,24083600,0,1,0,0,1
1237,52.75,53.59,53.59,52.740002,21104800,0.029,0.916,0.055,0.34,1
1238,53.450001,54.349998,54.599998,53.400002,31691700,0.077,0.801,0.122,0.4019,1
1239,53.610001,54.07,54.25,53.459999,23124100,0.122,0.878,0,-0.875,0
1240,54.110001,53.970001,54.240002,53.740002,20129000,0.056,0.828,0.116,0.6597,0
1241,54.209999,53.540001,54.290001,53.330002,17025100,0.052,0.763,0.185,0.9042,1
1242,53.66,54.709999,54.860001,53.450001,23924300,0.095,0.802,0.103,0.1027,1
1243,54.93,55.049999,55.639999,54.900002,23008300,0.087,0.874,0.039,-0.3818,0
1244,55.43,55.43,55.66,55,18928800,0.12,0.747,0.133,0.2263,0
1245,55.189999,54.560001,55.299999,54.459999,19272300,0.056,0.922,0.021,-0.4404,1
1246,54.360001,55.119999,55.200001,54.209999,21188700,0,0.743,0.257,0.7184,0
1247,54.669998,54.419998,55.279999,54.32,22167200,0,1,0,0,0
1248,54.490002,54.310001,55.150002,54.299999,21414200,0.099,0.808,0.093,-0.4391,1
1249,55.119999,55.349998,55.439999,54.889999,20818000,0.015,0.934,0.051,0.5423,1
1250,55.220001,55.360001,55.580002,55.07,20877100,0.024,0.84,0.136,0.8783,1
1251,55.490002,56.459999,56.59,55.209999,23786000,0,0.928,0.072,0.4215,0
1252,56.630001,56.389999,56.77,55.68,29596800,0.084,0.868,0.048,-0.296,0
1253,55.799999,55.779999,56.23,55.419998,38909100,0.037,0.765,0.198,0.9224,0
1254,51.91,51.779999,52.43,50.77,126834100,0,0.91,0.09,0.8173,1
1255,51.779999,52.110001,52.130001,51.630001,33226900,0,0.881,0.119,0.4215,0
1256,52.259998,51.439999,52.349998,51.09,33532600,0.217,0.681,0.102,-0.4019,0
1257,51.48,50.939999,51.5,50.549999,43369300,0.068,0.855,0.077,0.0772,1
1258,49.349998,49.869999,50.25,49.349998,48411700,0.057,0.838,0.105,0.5106,1
1259,50,50.610001,50.75,49.779999,33114500,0,1,0,0,1
1260,49.84,49.869999,50.060001,49.459999,24257600,0,0.857,0.143,0.6124,0
1261,50.490002,50.07,50.59,50,17951600,0.031,0.875,0.095,0.7351,0
1262,51.439999,51.080002,51.900002,51.040001,22592300,0.061,0.939,0,-0.296,1
1263,50.48,50.810001,51.139999,50.299999,24907500,0,0.966,0.034,0.2263,0
1264,50.470001,50.32,50.619999,49.82,23842400,0.088,0.781,0.13,0.743,1
1265,50.700001,51.59,51.709999,50.400002,34757900,0.051,0.801,0.148,0.8225,1
1266,51.919998,52.119999,52.490002,51.790001,24040200,0.076,0.763,0.161,0.6124,1
1267,52.439999,52.849998,52.950001,52.439999,25324800,0,0.92,0.08,0.4019,0
1268,52.639999,52.48,52.740002,51.84,22840800,0.081,0.857,0.062,-0.2585,0
1269,52.380001,51.790001,52.419998,51.599998,23368300,0.052,0.864,0.083,0.25,1
1270,52.02,52.040001,52.439999,51.869999,21149400,0,1,0,0,1
1271,51.049999,51.48,52.049999,51.040001,25833200,0,0.961,0.039,0.0387,0
1272,49.900002,49.830002,50.099998,49.57,42577100,0.064,0.844,0.092,0.7876,0
1273,49.779999,49.689999,50.119999,49.689999,33757600,0,0.868,0.132,0.631,1
1274,49.52,50.389999,50.470001,49.509998,31188600,0.033,0.946,0.02,-0.1779,0
1275,50.639999,50.07,50.830002,50.029999,35607900,0,1,0,0,1
1276,50.200001,51.189999,51.43,50.16,34097800,0,0.758,0.242,0.9413,0
1277,49.099998,48.43,49.150002,48.040001,50216300,0,0.732,0.268,0.836,1
1278,49.91,50.540001,50.720001,49.799999,31304000,0.06,0.881,0.059,-0.2732,1
1279,50.720001,51.169998,51.299999,50.5,28527800,0,1,0,0,1
1280,51.130001,51.16,51.720001,51.07,21400400,0.068,0.852,0.08,0.1027,1
1281,52.939999,53.209999,53.400002,52.790001,27317600,0.259,0.575,0.166,-0.4404,0
1282,53.84,53.740002,53.990002,53.580002,24545500,0.074,0.789,0.137,0.3612,0
1283,53.950001,53.700001,54,53.209999,32024400,0.119,0.793,0.088,-0.296,1
1284,53.700001,53.959999,54.34,53.549999,31433900,0.016,0.895,0.089,0.8689,0
1285,56.150002,55.91,56.84,55.529999,89893300,0.029,0.948,0.022,-0.1027,1
1286,56.080002,56.57,56.630001,55.779999,32157200,0.078,0.729,0.193,0.5574,1
1287,56.470001,56.73,56.740002,56.259998,25610600,0,0.893,0.107,0.6705,1
1288,56.52,56.759998,57.290001,56.509998,28079000,0.057,0.943,0,-0.1603,0
1289,56.610001,56.189999,56.799999,56.110001,32327500,0.128,0.786,0.086,-0.6249,1
1290,56.259998,56.68,56.759998,56.049999,30558700,0.033,0.872,0.095,0.5994,0
1291,56.599998,56.580002,56.75,56.139999,26003400,0,0.895,0.105,0.666,0
1292,56.849998,56.580002,56.900002,56.310001,35122000,0,0.925,0.075,0.4767,1
1293,56.799999,57.389999,57.52,56.669998,26587700,0.073,0.765,0.163,0.9489,0
1294,58.060001,58.060001,58.09,57.779999,19473500,0.077,0.786,0.137,0.7733,1
1295,58.169998,58.200001,58.5,58.02,16920700,0.044,0.912,0.044,0,1
1296,58.029999,58.299999,58.450001,58.029999,18162300,0.045,0.879,0.076,0.2516,0
1297,58.029999,57.939999,58.189999,57.619999,21655200,0,0.845,0.155,0.6486,0
1298,57.610001,57.439999,57.619999,57.27,20523500,0.069,0.82,0.112,0.5635,1
1299,57.540001,57.560001,57.68,57.23,18856400,0.108,0.892,0,-0.9477,1
1300,57.43,57.619999,57.73,57.200001,17271000,0,1,0,0,0
1301,57.900002,57.889999,58.18,57.849998,18732400,0,1,0,0,1
1302,57.799999,57.950001,58.040001,57.720001,18151500,0.055,0.836,0.11,0.2732,0
1303,58.279999,58.029999,58.700001,57.689999,20971200,0,1,0,0,0
1304,57.98,57.889999,58.189999,57.610001,16930200,0.027,0.864,0.109,0.8442,0
1305,57.669998,57.669998,58.189999,57.419998,18900500,0,0.651,0.349,0.9499,0
1306,57.779999,57.610001,57.799999,57.209999,16278400,0.157,0.802,0.041,-0.7906,0
1307,57.630001,57.43,57.790001,57.18,20146100,0.045,0.829,0.126,0.9753,0
1308,56.790001,56.209999,57.52,56.209999,35113900,0.048,0.894,0.058,-0.3612,1
1309,56.5,56.529999,56.650002,56.049999,30130200,0.03,0.897,0.073,0.6083,0
1310,56.389999,56.259998,56.630001,56.029999,24062500,0.036,0.836,0.128,0.9886,1
1311,56.150002,57.189999,57.349998,55.98,26847000,0.058,0.737,0.205,0.9744,0
1312,57.27,56.93,57.75,56.849998,20937100,0.037,0.784,0.179,0.9835,1
1313,57.509998,57.759998,57.849998,57.080002,33707300,0.058,0.766,0.176,0.9337,0
1314,57.919998,57.82,58,57.630001,19822200,0.02,0.805,0.175,0.9812,0
1315,57.869999,57.43,57.91,57.380001,19955300,0.128,0.834,0.037,-0.7264,1
1316,56.93,57.950001,58.060001,56.68,28065100,0,0.853,0.147,0.9771,0
1317,57.810001,57.400002,58.169998,57.209999,25463500,0.041,0.807,0.152,0.9854,0
1318,57.27,57.240002,57.599998,56.970001,20085900,0.008,0.914,0.078,0.9062,1
1319,57.290001,57.639999,57.959999,57.259998,16726400,0.05,0.849,0.101,0.9583,1
1320,57.91,58.040001,58.389999,57.869999,18196500,0.066,0.878,0.056,0.0772,0
1321,57.110001,57.110001,57.27,56.400002,22177500,0.053,0.895,0.052,0.2144,1
1322,56.700001,56.919998,57.299999,56.32,25313700,0,1,0,0,0
1323,57.360001,57.220001,57.459999,56.869999,23830000,0.036,0.804,0.161,0.8807,1
1324,57.529999,57.66,57.950001,57.41,19149500,0.07,0.878,0.053,-0.0387,0
1325,57.5,57.25,57.52,56.66,49455600,0.033,0.874,0.093,0.5499,0
1326,60.279999,59.66,60.450001,59.490002,80032200,0.063,0.836,0.101,0.7778,1
1327,59.939999,61,61,59.93,54067000,0.029,0.821,0.149,0.7517,0
1328,60.810001,60.630001,61.200001,60.470001,29911600,0,0.879,0.121,0.9229,0
1329,60.610001,60.099998,60.830002,60.09,28479900,0.015,0.971,0.014,-0.0516,0
1330,59.970001,59.799999,60.02,59.25,24533000,0.027,0.904,0.069,0.6597,0
1331,59.529999,59.209999,59.639999,59.110001,21600400,0.083,0.745,0.172,0.7026,1
1332,58.650002,58.709999,59.279999,58.52,28697000,0.021,0.846,0.133,0.8658,1
1333,59.779999,60.419998,60.52,59.779999,31664800,0.075,0.793,0.131,0.836,1
1334,60,60.169998,60.59,59.200001,49632500,0.053,0.923,0.024,-0.3612,0
1335,60.48,58.700001,60.490002,57.630001,57822400,0.106,0.837,0.057,-0.8102,0
1336,59.02,58.119999,59.080002,57.279999,41328400,0.061,0.757,0.181,0.7351,1
1337,58.330002,58.869999,59.490002,58.32,35904100,0.133,0.681,0.186,0.128,0
1338,60.779999,60.349998,61.139999,60.299999,27686300,0.113,0.887,0,-0.4215,1
1339,60.98,61.119999,61.259998,60.810001,23206700,0,1,0,0,0
